Aaron,1095
Aaron,2648
Aaron,3693
Aaron,104
Aaron,1863
Aaron,2344
Aaron,4029
Aaron,2815
Aaron,4944
Aaron,1065
Aaron,1749
Aaron,2842
Aaron,18
Aaron,4402
Aaron,370
Aaron,2243
Aaron,4255
Aaron,4552
Aaron,3030
Aaron,2368
Aaron,3444
Aaron,2369
Aaron,575
Aaron,4781
Aaron,2450
Aaron,2719
Adam,2512
Adam,98
Adam,1728
Adam,1583
Adam,1369
Adam,2798
Adam,4407
Adam,2806
Adam,3111
Adam,4621
Adam,1670
Adam,4633
Adam,2546
Adam,1053
Adam,3513
Adam,2432
Adam,1531
Adam,4140
Adam,136
Adam,3599
Adam,4323
Adam,1906
Adam,1376
Adam,2697
Adam,379
Alan,4480
Alan,1716
Alan,713
Alan,1717
Alan,1494
Alan,1992
Alan,1938
Alan,2624
Alan,4833
Alan,2392
Alan,4952
Alan,800
Alan,2031
Alan,231
Alan,3594
Alan,823
Alan,4453
Alan,4316
Alan,2080
Alan,1507
Alan,777
Alan,1058
Alan,4028
Alan,780
Alan,4990
Alan,4908
Alan,3469
Alan,1358
Alan,2213
Alan,1143
Albert,3579
Albert,3679
Albert,1853
Albert,1154
Albert,1497
Albert,69
Albert,432
Albert,1276
Albert,3590
Albert,1287
Albert,1917
Albert,756
Albert,4214
Albert,1952
Albert,4014
Albert,552
Albert,2735
Albert,1677
Albert,2412
Albert,2136
Albert,2030
Alice,58
Alice,4678
Alice,3547
Alice,4339
Alice,4315
Alice,4674
Alice,1736
Alice,468
Alice,3297
Alice,2004
Alice,364
Alice,2265
Alice,1372
Alice,4976
Alice,4042
Alice,1057
Alice,4025
Alice,2343
Alice,1734
Alice,37
Alice,4628
Alice,505
Alice,3818
Alice,2847
Amanda,1327
Amanda,1148
Amanda,1702
Amanda,1562
Amanda,221
Amanda,4969
Amanda,4459
Amanda,1809
Amanda,1556
Amanda,1788
Amanda,3903
Amanda,1114
Amanda,3026
Amanda,4190
Amanda,4527
Amanda,1909
Amanda,2236
Amanda,4734
Amanda,2255
Amanda,2396
Amanda,4413
Amanda,1138
Amanda,4245
Amanda,3945
Amanda,3146
Amanda,3881
Amanda,2160
Amy,795
Amy,1103
Amy,1128
Amy,71
Amy,1707
Amy,2198
Amy,4364
Amy,4731
Amy,2513
Amy,1875
Amy,3049
Amy,3514
Amy,1055
Amy,4267
Amy,3127
Amy,4563
Amy,497
Amy,1223
Amy,3550
Amy,2549
Amy,1165
Amy,2556
Amy,1178
Amy,815
Amy,3975
Amy,604
Amy,1905
Andrea,2154
Andrea,1724
Andrea,2810
Andrea,4069
Andrea,1782
Andrea,4995
Andrea,1091
Andrea,2264
Andrea,3920
Andrea,79
Andrea,3013
Andrea,449
Andrea,4303
Andrea,2081
Andrea,1297
Andrea,4888
Andrea,2978
Andrea,3838
Andrea,2530
Andrea,4491
Andrea,3961
Andrea,1543
Andrea,2972
Andrea,2789
Andrea,4570
Andrea,2744
Andrea,4378
Andrea,4963
Andrea,1448
Andrea,1491
Andrea,3169
Andrea,3864
Andrea,4682
Andrew,233
Andrew,1770
Andrew,30
Andrew,2647
Andrew,1882
Andrew,1279
Andrew,2477
Andrew,1819
Andrew,3927
Andrew,3363
Andrew,2433
Andrew,4015
Andrew,4858
Andrew,1052
Andrew,2380
Andrew,4531
Andrew,1651
Andrew,4080
Andrew,1413
Andrew,2315
Andrew,3445
Andrew,3062
Andrew,832
Andrew,1456
Andrew,4607
Andrew,354
Andrew,413
Angela,2499
Angela,2452
Angela,839
Angela,2917
Angela,203
Angela,159
Angela,1163
Angela,2731
Angela,975
Angela,7
Angela,983
Angela,4620
Angela,4167
Angela,3437
Angela,3898
Angela,4597
Angela,3939
Angela,3055
Angela,2359
Angela,1479
Angela,4918
Angela,2372
Angela,1088
Angela,3409
Angela,2018
Angela,2177
Ann,1035
Ann,3360
Ann,4176
Ann,2677
Ann,1099
Ann,2386
Ann,1912
Ann,2690
Ann,2355
Ann,2804
Ann,4982
Ann,2405
Ann,898
Ann,476
Ann,2290
Ann,363
Ann,2575
Ann,4262
Ann,3415
Ann,153
Ann,1315
Ann,1872
Ann,1473
Ann,3501
Ann,1127
Anna,1009
Anna,4904
Anna,3068
Anna,448
Anna,727
Anna,3016
Anna,2544
Anna,2354
Anna,243
Anna,1856
Anna,999
Anna,866
Anne,4657
Anne,701
Anne,3239
Anne,4052
Anne,2043
Anne,3527
Anne,1347
Anne,3395
Anne,395
Anne,2828
Anne,2410
Anne,2053
Anne,2583
Anne,766
Anne,3994
Anne,3474
Anne,4585
Anne,2592
Anne,3031
Anne,864
Anne,4913
Anne,2229
Anne,3966
Anne,4600
Anne,390
Anne,2125
Anne,2572
Annie,2186
Annie,1204
Annie,885
Annie,4791
Annie,3673
Annie,3912
Annie,2763
Annie,3695
Annie,457
Annie,3210
Annie,2682
Annie,4706
Annie,3168
Annie,1933
Annie,2029
Annie,4880
Annie,680
Annie,3156
Annie,1793
Annie,4414
Annie,1474
Annie,2753
Annie,4603
Annie,2295
Annie,1941
Annie,2096
Annie,2443
Anthony,394
Anthony,1252
Anthony,3150
Anthony,3510
Anthony,3529
Anthony,1336
Anthony,3857
Anthony,2417
Anthony,4980
Anthony,3525
Anthony,1629
Anthony,3827
Anthony,2812
Anthony,2975
Anthony,3667
Antonio,4398
Antonio,1806
Antonio,4966
Antonio,2520
Antonio,1196
Antonio,4941
Antonio,2484
Antonio,3797
Antonio,206
Antonio,1023
Antonio,1393
Antonio,237
Antonio,2334
Antonio,1415
Antonio,3585
Antonio,373
Antonio,2961
Antonio,4180
Antonio,2985
Antonio,455
Antonio,1611
Antonio,1622
Antonio,483
Antonio,498
Antonio,4498
Antonio,648
Arthur,2135
Arthur,1564
Arthur,3734
Arthur,44
Arthur,110
Arthur,2614
Arthur,3041
Arthur,1744
Arthur,3973
Arthur,57
Arthur,1794
Arthur,2249
Arthur,2874
Arthur,931
Arthur,785
Arthur,2887
Arthur,3456
Arthur,3833
Arthur,439
Arthur,2997
Arthur,3227
Ashley,2456
Ashley,738
Ashley,4197
Ashley,4321
Ashley,3481
Ashley,639
Ashley,2942
Ashley,2312
Ashley,675
Ashley,4050
Ashley,1414
Ashley,4264
Ashley,1676
Ashley,4123
Ashley,4215
Ashley,3377
Ashley,2195
Ashley,4626
Ashley,4640
Barbara,2618
Barbara,225
Barbara,3649
Barbara,4796
Barbara,2162
Barbara,355
Barbara,3323
Barbara,1754
Barbara,2924
Barbara,66
Barbara,3593
Barbara,2703
Barbara,589
Barbara,2711
Barbara,1954
Barbara,4280
Barbara,3122
Barbara,671
Barbara,807
Barbara,4775
Barbara,3422
Benjamin,2658
Benjamin,1686
Benjamin,4287
Benjamin,3387
Benjamin,263
Benjamin,1237
Benjamin,3329
Benjamin,1221
Benjamin,414
Benjamin,4529
Benjamin,3930
Benjamin,4175
Benjamin,1284
Benjamin,2285
Benjamin,3596
Benjamin,935
Benjamin,3237
Benjamin,2707
Benjamin,4714
Benjamin,3726
Benjamin,3648
Benjamin,3580
Betty,4663
Betty,2149
Betty,4406
Betty,1581
Betty,4716
Betty,3632
Betty,966
Betty,3640
Betty,251
Betty,2350
Betty,502
Betty,1394
Betty,3709
Betty,793
Betty,1667
Betty,2582
Betty,4367
Betty,3768
Betty,2604
Betty,579
Betty,2451
Betty,2476
Betty,1111
Betty,3332
Betty,2547
Betty,637
Beverly,3996
Beverly,4097
Beverly,1331
Beverly,3375
Beverly,3138
Beverly,3821
Beverly,3845
Beverly,4324
Beverly,4956
Beverly,4922
Beverly,1720
Beverly,2124
Beverly,1229
Beverly,106
Beverly,4636
Beverly,2665
Beverly,1995
Beverly,23
Beverly,577
Beverly,1623
Beverly,4164
Beverly,3295
Beverly,2857
Beverly,1328
Billy,3304
Billy,2539
Billy,3226
Billy,4688
Billy,2976
Billy,4499
Billy,673
Billy,1341
Billy,2358
Billy,3440
Billy,1699
Billy,1953
Billy,2439
Billy,803
Billy,570
Billy,4896
Billy,2449
Billy,3546
Billy,393
Billy,3177
Billy,2457
Billy,2395
Billy,3807
Billy,2958
Billy,4740
Billy,3488
Billy,1891
Billy,4798
Billy,631
Bobby,353
Bobby,2768
Bobby,1948
Bobby,2390
Bobby,2672
Bobby,4122
Bobby,2100
Bobby,1471
Bobby,4564
Bobby,2185
Bobby,3173
Bobby,2310
Bobby,3133
Bobby,4670
Bobby,3178
Bobby,602
Bobby,3053
Bobby,3600
Bobby,3756
Bobby,244
Bobby,2409
Bobby,4157
Bobby,558
Bobby,4979
Bonnie,2676
Bonnie,2746
Bonnie,4750
Bonnie,2603
Bonnie,2738
Bonnie,2937
Bonnie,1854
Bonnie,4993
Bonnie,4108
Bonnie,4526
Bonnie,1530
Bonnie,1834
Bonnie,3518
Bonnie,4151
Bonnie,4504
Bonnie,4481
Bonnie,2733
Bonnie,212
Bonnie,3075
Bonnie,3012
Bonnie,4418
Bonnie,1100
Bonnie,1832
Bonnie,4058
Bonnie,301
Brandon,840
Brandon,3290
Brandon,3286
Brandon,3391
Brandon,464
Brandon,2435
Brandon,1199
Brandon,1092
Brandon,132
Brandon,4889
Brandon,4893
Brandon,1710
Brandon,2068
Brandon,4662
Brandon,4320
Brandon,2322
Brandon,1433
Brandon,1549
Brandon,4538
Brandon,1774
Brenda,3555
Brenda,4730
Brenda,3039
Brenda,3896
Brenda,3770
Brenda,3166
Brenda,4782
Brenda,4106
Brenda,1421
Brenda,3990
Brenda,1460
Brenda,1974
Brenda,4276
Brenda,525
Brenda,3408
Brenda,4047
Brenda,234
Brenda,980
Brenda,4774
Brenda,724
Brenda,2926
Brenda,2900
Brenda,2886
Brenda,739
Brian,3347
Brian,2559
Brian,4942
Brian,4931
Brian,2478
Brian,123
Brian,2783
Brian,4803
Brian,285
Brian,341
Brian,2938
Brian,389
Brian,415
Brian,4556
Brian,2038
Brian,4475
Brian,1932
Brian,3225
Brian,660
Brian,4373
Brian,802
Brian,806
Brian,3451
Brian,4246
Brian,856
Brian,3504
Brian,4188
Brian,918
Brian,919
Brian,3604
Brian,4039
Brian,3752
Brian,1077
Brian,4009
Brian,4004
Brian,1124
Brian,1155
Brian,1160
Bruce,1594
Bruce,653
Bruce,2671
Bruce,971
Bruce,3731
Bruce,1614
Bruce,928
Bruce,2294
Bruce,2204
Bruce,465
Bruce,3646
Bruce,3105
Bruce,704
Bruce,1733
Bruce,2010
Bruce,1999
Bruce,1523
Bruce,3671
Bruce,275
Bruce,4360
Bruce,1769
Bruce,1540
Bruce,1260
Bruce,2123
Bruce,127
Carl,372
Carl,1956
Carl,2183
Carl,1258
Carl,4135
Carl,4814
Carl,4514
Carl,1517
Carl,4363
Carl,166
Carl,3007
Carl,1596
Carl,769
Carl,1112
Carl,1482
Carl,2945
Carl,3761
Carl,1489
Carl,3587
Carl,4787
Carlos,2552
Carlos,2507
Carlos,2788
Carlos,1982
Carlos,2047
Carlos,4512
Carlos,133
Carlos,3219
Carlos,1859
Carlos,894
Carlos,3085
Carlos,4887
Carlos,2613
Carlos,441
Carlos,1330
Carlos,1175
Carlos,3565
Carlos,33
Carlos,2523
Carlos,2323
Carlos,1584
Carlos,4125
Carlos,1268
Carlos,186
Carlos,179
Carlos,1080
Carol,2357
Carol,158
Carol,3753
Carol,3324
Carol,714
Carol,4089
Carol,1848
Carol,4964
Carol,52
Carol,1731
Carol,3557
Carol,1444
Carol,3141
Carol,4194
Carol,2764
Carol,3493
Carol,2700
Carol,2400
Carol,3407
Carol,2621
Carol,4220
Carol,1326
Carol,4368
Carolyn,4752
Carolyn,4298
Carolyn,4623
Carolyn,2446
Carolyn,690
Carolyn,4629
Carolyn,139
Carolyn,2147
Carolyn,2727
Carolyn,2872
Carolyn,1090
Carolyn,2024
Carolyn,4270
Carolyn,467
Carolyn,3951
Carolyn,144
Carolyn,613
Carolyn,3213
Carolyn,2228
Carolyn,31
Carolyn,4258
Carolyn,1965
Carolyn,2381
Carolyn,1174
Carolyn,1977
Carolyn,3087
Carolyn,3705
Catherine,4428
Catherine,2849
Catherine,2646
Catherine,4336
Catherine,1151
Catherine,1139
Catherine,600
Catherine,4454
Catherine,1962
Catherine,117
Catherine,1313
Catherine,511
Catherine,2045
Catherine,3473
Catherine,2078
Catherine,3874
Catherine,3706
Catherine,4630
Catherine,2962
Catherine,3702
Catherine,375
Catherine,222
Catherine,2346
Catherine,1425
Catherine,262
Catherine,303
Charles,1756
Charles,963
Charles,4422
Charles,634
Charles,1696
Charles,4851
Charles,4129
Charles,368
Charles,4949
Charles,3476
Charles,1195
Charles,3176
Charles,3334
Charles,1241
Charles,450
Charles,3639
Charles,4329
Charles,1679
Charles,4795
Charles,4492
Charles,3950
Charles,609
Charles,2766
Charles,3656
Charles,1008
Charles,1828
Charles,2687
Charles,905
Charles,4839
Charles,3080
Cheryl,3390
Cheryl,4035
Cheryl,2761
Cheryl,794
Cheryl,1441
Cheryl,436
Cheryl,4933
Cheryl,666
Cheryl,1457
Cheryl,2779
Cheryl,77
Cheryl,554
Cheryl,1265
Cheryl,3531
Cheryl,594
Cheryl,1255
Cheryl,1404
Cheryl,359
Cheryl,1251
Cheryl,1147
Cheryl,1426
Cheryl,1432
Cheryl,1860
Cheryl,1170
Cheryl,2755
Cheryl,3057
Chris,3722
Chris,4297
Chris,2422
Chris,426
Chris,902
Chris,1681
Chris,4911
Chris,478
Chris,2602
Chris,2431
Chris,1674
Chris,25
Chris,1152
Chris,3660
Chris,4338
Chris,3411
Chris,1049
Chris,2318
Chris,4767
Chris,2120
Chris,266
Chris,2139
Chris,4996
Chris,4859
Chris,2257
Chris,1180
Chris,4312
Christina,1329
Christina,211
Christina,4342
Christina,4060
Christina,1902
Christina,4112
Christina,2361
Christina,3052
Christina,2652
Christina,1813
Christina,1063
Christina,2048
Christina,1108
Christina,4958
Christina,4572
Christina,2762
Christina,2970
Christina,3467
Christina,1512
Christina,2939
Christina,1158
Christina,1969
Christina,3959
Christina,3875
Christina,2441
Christina,2259
Christine,3172
Christine,693
Christine,1760
Christine,4440
Christine,767
Christine,548
Christine,4576
Christine,4596
Christine,3024
Christine,3584
Christine,2878
Christine,3616
Christine,1454
Christine,1453
Christine,4098
Christine,4084
Christine,1417
Christine,4793
Christine,3748
Christine,3964
Christine,72
Christine,2511
Christine,2638
Christine,3294
Christine,1167
Christine,687
Christopher,3652
Christopher,3139
Christopher,4923
Christopher,649
Christopher,4218
Christopher,460
Christopher,4268
Christopher,2708
Christopher,3137
Christopher,1768
Christopher,2932
Christopher,3257
Christopher,2729
Christopher,804
Christopher,3605
Christopher,2173
Christopher,491
Christopher,1867
Christopher,2574
Christopher,4962
Christopher,1015
Christopher,2103
Christopher,1398
Christopher,734
Christopher,3795
Christopher,2882
Christopher,1066
Christopher,1887
Christopher,4062
Clarence,720
Clarence,3058
Clarence,682
Clarence,4930
Clarence,561
Clarence,4399
Clarence,259
Clarence,148
Clarence,4296
Clarence,1274
Clarence,549
Clarence,595
Clarence,4271
Clarence,4537
Clarence,3658
Clarence,3619
Clarence,1218
Clarence,3609
Clarence,164
Clarence,2011
Clarence,3840
Clarence,1383
Clarence,3848
Clarence,2324
Clarence,1094
Clarence,2377
Craig,294
Craig,4985
Craig,3992
Craig,4269
Craig,1492
Craig,2921
Craig,3564
Craig,4771
Craig,651
Craig,1814
Craig,4429
Craig,1880
Craig,607
Craig,1988
Craig,3479
Craig,4486
Craig,2401
Craig,2066
Craig,4849
Craig,1796
Craig,529
Craig,1217
Cynthia,2506
Cynthia,4392
Cynthia,4385
Cynthia,4291
Cynthia,4018
Cynthia,150
Cynthia,4457
Cynthia,4965
Cynthia,1526
Cynthia,2337
Cynthia,3878
Cynthia,296
Cynthia,4697
Cynthia,113
Cynthia,2891
Cynthia,2224
Cynthia,2597
Cynthia,1208
Cynthia,1599
Cynthia,4201
Cynthia,936
Cynthia,74
Daniel,1177
Daniel,917
Daniel,252
Daniel,1006
Daniel,2171
Daniel,2152
Daniel,2112
Daniel,4610
Daniel,2382
Daniel,4198
Daniel,1607
Daniel,4252
Daniel,4265
Daniel,4871
Daniel,3102
Daniel,3932
Daniel,4877
Daniel,1998
Daniel,531
Daniel,3125
Daniel,2464
Daniel,3814
Daniel,3380
Daniel,3296
Daniel,732
Daniel,4330
Daniel,3894
Daniel,35
Daniel,3289
Daniel,1798
Daniel,2845
Daniel,4761
Daniel,2839
Daniel,4133
David,4567
David,1738
David,292
David,1657
David,2352
David,377
David,3824
David,4667
David,4586
David,1335
David,3089
David,4111
David,41
David,2247
David,1858
David,4666
David,1189
David,2692
David,2859
David,2306
David,3650
David,819
David,2227
David,4474
David,3114
David,184
Deborah,1942
Deborah,4195
Deborah,3261
Deborah,1698
Deborah,2834
Deborah,2625
Deborah,4837
Deborah,598
Deborah,986
Deborah,612
Deborah,1631
Debra,1538
Debra,830
Debra,2440
Debra,4598
Debra,2724
Debra,2460
Debra,3436
Debra,4362
Debra,1213
Debra,4468
Debra,2067
Debra,3533
Debra,1771
Debra,2353
Debra,3339
Debra,3721
Debra,236
Debra,2328
Denise,100
Denise,2680
Denise,2419
Denise,4921
Denise,3825
Denise,3277
Denise,2383
Denise,73
Denise,2099
Denise,748
Denise,2254
Denise,880
Denise,893
Denise,611
Denise,3647
Denise,1399
Denise,4425
Denise,2950
Denise,3664
Denise,3244
Denise,4382
Denise,1308
Denise,3092
Denise,2309
Dennis,4119
Dennis,4894
Dennis,4885
Dennis,346
Dennis,4493
Dennis,4397
Dennis,4236
Dennis,4036
Dennis,1232
Dennis,3843
Dennis,3665
Dennis,3348
Dennis,2049
Dennis,2146
Dennis,2826
Diana,4875
Diana,4785
Diana,2482
Diana,2356
Diana,4021
Diana,4551
Diana,2153
Diana,2656
Diana,2178
Diana,2367
Diana,430
Diana,2866
Diana,1892
Diana,1499
Diana,4118
Diana,3876
Diana,1723
Diana,4308
Diana,4561
Diana,2246
Diane,2814
Diane,4161
Diane,4388
Diane,3554
Diane,2771
Diane,2301
Diane,78
Diane,3470
Diane,897
Diane,895
Diane,1534
Diane,4464
Diane,4172
Diane,2774
Diane,209
Diane,3958
Diane,615
Diane,1396
Diane,4038
Diane,3128
Diane,4305
Diane,1765
Diane,3318
Diane,2104
Diane,1485
Diane,3592
Diane,1652
Diane,539
Diane,3147
Diane,4154
Donald,3686
Donald,1377
Donald,3401
Donald,796
Donald,2897
Donald,3455
Donald,1620
Donald,2567
Donald,2837
Donald,1602
Donald,3198
Donald,2933
Donald,1272
Donald,1695
Donald,3978
Donald,3808
Donald,900
Donald,573
Donald,2689
Donald,3578
Donald,1179
Donald,4802
Donald,4147
Donald,3381
Donald,1216
Donald,1971
Donald,960
Donald,3110
Donald,3713
Donald,2329
Donald,4587
Donna,2156
Donna,350
Donna,4788
Donna,3981
Donna,96
Donna,4830
Donna,4230
Donna,2840
Donna,3853
Donna,4007
Donna,4384
Donna,1400
Donna,4016
Donna,1423
Donna,1665
Donna,934
Donna,4618
Donna,2723
Donna,3119
Donna,3040
Donna,4768
Donna,2341
Donna,2699
Donna,1041
Donna,853
Donna,349
Doris,493
Doris,3328
Doris,2895
Doris,2267
Doris,3466
Doris,1133
Doris,644
Doris,4822
Doris,1193
Doris,380
Doris,1922
Doris,27
Doris,2373
Doris,336
Doris,3338
Doris,3017
Doris,446
Doris,1984
Doris,1711
Dorothy,3720
Dorothy,871
Dorothy,4807
Dorothy,3570
Dorothy,3153
Dorothy,696
Dorothy,3189
Dorothy,706
Dorothy,1034
Dorothy,4063
Dorothy,1382
Dorothy,2808
Dorothy,1569
Dorothy,2650
Dorothy,3335
Dorothy,2564
Dorothy,1256
Dorothy,892
Dorothy,4696
Dorothy,4578
Dorothy,3545
Dorothy,3388
Dorothy,859
Dorothy,1303
Dorothy,1107
Dorothy,2664
Dorothy,369
Douglas,1194
Douglas,3729
Douglas,698
Douglas,3492
Douglas,2632
Douglas,4813
Douglas,4438
Douglas,4801
Douglas,2620
Douglas,2822
Douglas,2291
Douglas,1795
Douglas,998
Douglas,122
Douglas,75
Douglas,989
Douglas,625
Douglas,2525
Douglas,4574
Douglas,1815
Douglas,141
Douglas,962
Earl,3101
Earl,4868
Earl,2214
Earl,4757
Earl,1267
Earl,3972
Earl,1285
Earl,2589
Earl,2314
Earl,410
Earl,6
Earl,4601
Earl,4957
Earl,2657
Earl,4534
Earl,519
Earl,952
Earl,527
Earl,938
Earl,591
Earl,2784
Earl,1566
Earl,1574
Earl,3496
Edward,274
Edward,189
Edward,4961
Edward,4485
Edward,4983
Edward,2190
Edward,4998
Edward,2631
Edward,3799
Edward,1131
Edward,3091
Edward,4152
Edward,689
Edward,4150
Edward,2073
Edward,667
Edward,2041
Edward,3269
Edward,3275
Edward,3744
Edward,1420
Edward,4333
Edward,2663
Edward,482
Edward,2799
Edward,4174
Edward,2769
Edward,4604
Edward,1429
Elizabeth,1323
Elizabeth,3288
Elizabeth,712
Elizabeth,3285
Elizabeth,1070
Elizabeth,4907
Elizabeth,1119
Elizabeth,1766
Elizabeth,1430
Elizabeth,311
Elizabeth,1392
Elizabeth,3867
Elizabeth,1522
Elizabeth,4101
Elizabeth,4756
Elizabeth,309
Elizabeth,4845
Elizabeth,810
Elizabeth,3936
Elizabeth,2215
Elizabeth,2959
Elizabeth,3567
Elizabeth,268
Elizabeth,3856
Elizabeth,4163
Elizabeth,1896
Elizabeth,4909
Elizabeth,5
Emily,4905
Emily,365
Emily,1994
Emily,2313
Emily,550
Emily,4290
Emily,1389
Emily,635
Emily,3730
Emily,3941
Emily,490
Emily,1351
Emily,249
Emily,1577
Emily,3319
Emily,46
Emily,3582
Eric,2025
Eric,872
Eric,4852
Eric,3530
Eric,4789
Eric,787
Eric,750
Eric,1187
Eric,326
Eric,2888
Eric,2641
Eric,2222
Eric,2739
Eric,2743
Eric,3865
Eric,1997
Eric,3431
Eric,3121
Eric,538
Eric,3851
Eric,1247
Eric,3571
Eric,1140
Eric,1930
Eric,1890
Ernest,4821
Ernest,4005
Ernest,1544
Ernest,176
Ernest,1763
Ernest,2231
Ernest,3500
Ernest,3044
Ernest,4926
Ernest,2458
Ernest,1467
Ernest,1238
Ernest,924
Ernest,4011
Ernest,3038
Ernest,1693
Ernest,3573
Ernest,4517
Ernest,1379
Ernest,4107
Eugene,1968
Eugene,256
Eugene,1640
Eugene,2756
Eugene,4590
Eugene,1118
Eugene,3234
Eugene,1173
Eugene,2194
Eugene,2016
Eugene,2065
Eugene,2175
Eugene,2250
Eugene,479
Eugene,3453
Evelyn,1262
Evelyn,2660
Evelyn,442
Evelyn,245
Evelyn,2792
Evelyn,2007
Evelyn,526
Evelyn,83
Evelyn,3004
Evelyn,3002
Evelyn,1334
Evelyn,403
Evelyn,4635
Evelyn,1929
Evelyn,3343
Evelyn,4713
Evelyn,1904
Evelyn,2780
Evelyn,4770
Evelyn,3965
Evelyn,3831
Evelyn,4866
Evelyn,4698
Evelyn,1821
Evelyn,4902
Evelyn,1791
Evelyn,2714
Evelyn,295
Frances,2637
Frances,603
Frances,3233
Frances,4436
Frances,2906
Frances,566
Frances,2861
Frances,1843
Frances,2468
Frances,97
Frances,4735
Frances,3241
Frances,2558
Frances,3802
Frances,4277
Frances,2500
Frances,2555
Frances,3077
Frank,942
Frank,19
Frank,4749
Frank,4070
Frank,3611
Frank,307
Frank,3346
Frank,4186
Frank,2502
Frank,4583
Frank,3711
Frank,1121
Frank,2615
Frank,632
Frank,583
Frank,1849
Frank,4213
Frank,3471
Frank,3689
Frank,1907
Frank,2854
Frank,1171
Frank,4146
Frank,4881
Frank,2988
Frank,2803
Frank,4760
Frank,4071
Fred,775
Fred,3572
Fred,791
Fred,1010
Fred,3283
Fred,469
Fred,1839
Fred,3846
Fred,216
Fred,3443
Fred,1915
Fred,4971
Fred,3727
Fred,1493
Fred,2144
Fred,2920
Fred,2585
Fred,2635
Fred,3483
Fred,854
Fred,883
Fred,1916
Fred,3320
Fred,1306
Fred,1166
Fred,229
Fred,2963
Fred,1683
Fred,4986
Fred,2694
Fred,3194
Gary,2668
Gary,3984
Gary,3985
Gary,3211
Gary,3988
Gary,335
Gary,2776
Gary,2560
Gary,3560
Gary,2200
Gary,2283
Gary,2269
Gary,1236
Gary,4248
Gary,116
Gary,534
Gary,4383
Gary,3614
Gary,956
Gary,422
Gary,4599
Gary,1205
Gary,1368
Gary,3186
George,4309
George,1386
George,574
George,3612
George,3124
George,821
George,3601
George,2940
George,3801
George,4142
George,4741
George,2240
George,3923
George,2518
George,2787
George,2128
George,841
George,2131
George,913
George,628
George,145
George,456
George,4160
George,173
George,702
George,3337
George,2807
Gerald,4205
Gerald,2853
Gerald,1239
Gerald,1098
Gerald,1318
Gerald,2644
Gerald,1390
Gerald,1406
Gerald,1007
Gerald,89
Gerald,1486
Gerald,925
Gerald,3539
Gerald,886
Gerald,1635
Gerald,705
Gerald,4831
Gerald,4439
Gerald,214
Gerald,1924
Gerald,559
Gerald,2345
Gerald,2802
Gerald,433
Gerald,2108
Gerald,4763
Gerald,327
Gloria,4073
Gloria,4221
Gloria,517
Gloria,2138
Gloria,2199
Gloria,3626
Gloria,3155
Gloria,992
Gloria,4510
Gloria,194
Gloria,3382
Gloria,1943
Gloria,2327
Gregory,3308
Gregory,3430
Gregory,3045
Gregory,4075
Gregory,1401
Gregory,201
Gregory,4325
Gregory,1074
Gregory,352
Gregory,1928
Gregory,3280
Gregory,1248
Gregory,224
Gregory,4804
Gregory,4104
Gregory,3043
Gregory,1087
Gregory,2274
Gregory,3354
Gregory,933
Harold,3400
Harold,622
Harold,3757
Harold,779
Harold,629
Harold,2093
Harold,2474
Harold,2496
Harold,3935
Harold,2704
Harold,954
Harold,4043
Harold,230
Harold,3926
Harold,2569
Harold,4783
Harold,4914
Harold,1682
Harold,1910
Harold,4412
Harold,109
Harold,3676
Harold,3464
Harold,3785
Harold,4748
Harold,3766
Harold,1939
Harry,3192
Harry,4417
Harry,2056
Harry,2253
Harry,68
Harry,172
Harry,1320
Harry,965
Harry,3109
Harry,4134
Harry,3603
Harry,1649
Harry,4370
Harry,2489
Harry,1808
Harry,1633
Harry,2221
Harry,328
Harry,2579
Harry,4915
Harry,2864
Harry,891
Heather,3957
Heather,3132
Heather,4999
Heather,4652
Heather,2809
Heather,2966
Heather,1722
Heather,3322
Heather,2472
Heather,3463
Heather,910
Heather,4092
Heather,997
Heather,1123
Heather,717
Heather,2570
Heather,4722
Heather,2172
Heather,1234
Heather,2427
Heather,4396
Heather,1895
Heather,1572
Heather,1207
Heather,1842
Heather,42
Heather,744
Heather,4747
Heather,1589
Heather,4994
Helen,1784
Helen,3120
Helen,3728
Helen,3595
Helen,1778
Helen,4505
Helen,1666
Helen,1706
Helen,146
Helen,2949
Helen,647
Helen,2086
Helen,4231
Helen,4569
Helen,1836
Helen,2459
Helen,2537
Helen,1758
Helen,3976
Helen,1616
Helen,3765
Helen,438
Helen,4850
Helen,3482
Helen,4503
Helen,2276
Helen,3072
Helen,516
Henry,826
Henry,40
Henry,2852
Henry,3383
Henry,728
Henry,715
Henry,171
Henry,4275
Henry,4274
Henry,2889
Henry,1156
Henry,3942
Henry,2207
Henry,2912
Henry,4420
Henry,2584
Henry,1575
Henry,1547
Henry,101
Henry,576
Henry,3562
Henry,944
Henry,2957
Henry,1991
Henry,985
Henry,2130
Henry,4539
Henry,4549
Henry,3758
Henry,2662
Henry,3070
Henry,2600
Henry,2634
Henry,2999
Howard,1751
Howard,1503
Howard,4127
Howard,3575
Howard,1161
Howard,1826
Howard,1219
Howard,3805
Howard,2297
Howard,4470
Howard,1030
Howard,3749
Howard,1527
Howard,4535
Howard,3300
Howard,741
Howard,4897
Howard,2734
Howard,3505
Howard,1407
Howard,588
Howard,4711
Howard,1704
Howard,1914
Howard,837
Howard,3829
Howard,4083
Howard,420
Howard,4710
Irene,642
Irene,512
Irene,3413
Irene,4273
Irene,175
Irene,700
Irene,789
Irene,3217
Irene,3817
Irene,3359
Irene,4078
Irene,2904
Irene,4720
Irene,3938
Irene,3071
Irene,2036
Irene,4916
Irene,1715
Irene,915
Irene,2397
Irene,2929
Irene,4254
Irene,4294
Irene,4642
Irene,941
Irene,2666
Irene,4842
Irene,2292
Irene,1570
Irene,953
Jack,283
Jack,4103
Jack,2351
Jack,313
Jack,3452
Jack,4484
Jack,4558
Jack,1004
Jack,1042
Jack,1014
Jack,797
Jack,1601
Jack,1636
Jack,1804
Jack,376
Jack,4816
Jack,809
Jack,2248
Jack,758
Jack,253
Jack,3868
Jack,3023
Jack,3236
Jack,3301
Jack,4162
Jack,1532
Jack,9
Jack,1293
Jack,3162
Jack,111
Jack,3187
Jack,858
Jack,487
Jack,4721
Jack,1342
Jack,661
Jack,3832
Jack,1886
Jack,1772
Jack,515
Jack,3630
Jacqueline,3398
Jacqueline,4185
Jacqueline,1726
Jacqueline,4834
Jacqueline,4805
Jacqueline,3027
Jacqueline,4668
Jacqueline,535
Jacqueline,322
Jacqueline,1312
Jacqueline,289
Jacqueline,2626
Jacqueline,2235
Jacqueline,402
Jacqueline,3386
Jacqueline,2115
Jacqueline,3358
Jacqueline,867
Jacqueline,3342
James,1270
James,3763
James,1845
James,3569
James,4684
James,2090
James,568
James,95
James,1913
James,4541
James,4624
James,4967
James,3352
James,2252
James,755
James,3948
James,4222
James,1996
James,3079
James,3208
James,4137
James,4790
James,4820
Jane,4334
Jane,2087
Jane,4288
Jane,3651
Jane,4726
Jane,1757
Jane,4026
Jane,781
Jane,4846
Jane,995
Jane,668
Jane,718
Jane,2946
Jane,3549
Jane,3544
Jane,4997
Jane,2055
Jane,3245
Jane,4458
Jane,3507
Jane,619
Jane,2180
Jane,1866
Jane,1557
Jane,174
Janet,2467
Janet,4975
Janet,2032
Janet,684
Janet,2303
Janet,1973
Janet,4381
Janet,3126
Janet,1200
Janet,2262
Janet,1787
Janet,4405
Janet,4588
Janet,2571
Janet,3535
Janet,3367
Janet,2971
Janet,213
Janet,102
Janet,4227
Janet,1659
Janice,764
Janice,4337
Janice,3410
Janice,3
Janice,4395
Janice,2379
Janice,638
Janice,2777
Janice,2698
Janice,3179
Janice,581
Janice,509
Janice,2014
Janice,3086
Janice,4559
Janice,4580
Janice,4065
Janice,4049
Janice,1357
Janice,3754
Janice,3905
Jason,2167
Jason,1621
Jason,2159
Jason,3373
Jason,3792
Jason,2182
Jason,3820
Jason,2216
Jason,4341
Jason,2969
Jason,3759
Jason,2965
Jason,2389
Jason,199
Jason,1618
Jason,691
Jason,2378
Jason,4520
Jason,4206
Jason,2675
Jason,1983
Jason,169
Jason,3065
Jason,4818
Jean,1745
Jean,532
Jean,4777
Jean,3704
Jean,636
Jean,3955
Jean,3899
Jean,3862
Jean,2320
Jean,3745
Jean,927
Jean,260
Jean,547
Jean,453
Jean,4917
Jean,3971
Jean,4478
Jean,2612
Jean,4476
Jean,4489
Jean,569
Jean,4955
Jean,4815
Jean,3489
Jean,3193
Jean,4656
Jean,2619
Jean,596
Jean,348
Jean,4692
Jean,396
Jeffrey,4844
Jeffrey,3015
Jeffrey,3019
Jeffrey,3750
Jeffrey,1718
Jeffrey,4022
Jeffrey,4072
Jeffrey,466
Jeffrey,406
Jeffrey,1072
Jeffrey,4560
Jeffrey,3083
Jeffrey,240
Jeffrey,501
Jeffrey,958
Jeffrey,946
Jeffrey,2151
Jeffrey,3999
Jeffrey,4984
Jeffrey,2954
Jeffrey,2953
Jeffrey,1936
Jeffrey,343
Jeffrey,2239
Jeffrey,2778
Jeffrey,4694
Jeffrey,1579
Jeffrey,620
Jeffrey,850
Jeffrey,663
Jeffrey,2455
Jeffrey,1801
Jeffrey,676
Jeffrey,3432
Jeffrey,3307
Jeffrey,1742
Jeffrey,1687
Jeffrey,1719
Jennifer,1338
Jennifer,4658
Jennifer,3259
Jennifer,657
Jennifer,4650
Jennifer,2340
Jennifer,1226
Jennifer,2846
Jennifer,3668
Jennifer,1056
Jennifer,1197
Jennifer,726
Jennifer,4865
Jennifer,55
Jennifer,3743
Jennifer,134
Jennifer,1565
Jennifer,873
Jennifer,4495
Jennifer,3200
Jennifer,4687
Jennifer,4665
Jennifer,2925
Jennifer,2599
Jennifer,929
Jennifer,4189
Jennifer,4059
Jennifer,13
Jennifer,4203
Jennifer,2919
Jennifer,2581
Jennifer,852
Jennifer,3880
Jennifer,1316
Jeremy,4935
Jeremy,4091
Jeremy,4299
Jeremy,3534
Jeremy,3811
Jeremy,195
Jeremy,4284
Jeremy,3697
Jeremy,1921
Jeremy,4328
Jeremy,4055
Jeremy,3170
Jeremy,922
Jeremy,4884
Jeremy,1650
Jeremy,513
Jeremy,180
Jeremy,2716
Jeremy,267
Jeremy,4113
Jeremy,2851
Jeremy,2469
Jerry,1201
Jerry,3906
Jerry,3872
Jerry,1302
Jerry,3718
Jerry,3699
Jerry,4077
Jerry,932
Jerry,4149
Jerry,899
Jerry,4169
Jerry,3508
Jerry,4225
Jerry,3112
Jerry,2037
Jerry,2107
Jerry,4660
Jerry,2609
Jerry,2870
Jerry,2818
Jerry,2438
Jerry,119
Jerry,2492
Jerry,2493
Jerry,2514
Jerry,49
Jerry,2532
Jerry,2534
Jesse,1001
Jesse,1899
Jesse,2683
Jesse,2428
Jesse,2956
Jesse,4919
Jesse,1876
Jesse,950
Jesse,947
Jesse,400
Jesse,4285
Jesse,2245
Jesse,3271
Jesse,1881
Jesse,120
Jesse,1344
Jesse,1958
Jesse,4356
Jesse,3487
Jesse,4754
Jesse,3229
Jesse,4612
Jesse,4346
Jesse,2473
Jesse,2685
Jessica,2168
Jessica,2629
Jessica,4972
Jessica,4010
Jessica,2885
Jessica,1025
Jessica,4074
Jessica,1431
Jessica,2150
Jessica,3613
Jessica,4145
Jessica,2102
Jessica,1612
Jessica,484
Jessica,2863
Jessica,765
Jessica,1732
Jessica,1789
Jessica,1802
Jessica,3952
Jessica,1927
Jimmy,3181
Jimmy,2273
Jimmy,610
Jimmy,250
Jimmy,824
Jimmy,4024
Jimmy,4898
Jimmy,2836
Jimmy,2757
Jimmy,183
Jimmy,2197
Jimmy,3235
Jimmy,1694
Jimmy,760
Jimmy,3778
Jimmy,1725
Jimmy,160
Jimmy,1820
Jimmy,731
Jimmy,3104
Jimmy,716
Jimmy,3130
Jimmy,2782
Jimmy,703
Jimmy,4442
Jimmy,2490
Jimmy,2311
Jimmy,4778
Jimmy,82
Jimmy,4085
Jimmy,4705
Jimmy,59
Jimmy,3521
Jimmy,1385
Jimmy,3888
Joan,4712
Joan,2293
Joan,2170
Joan,2110
Joan,2077
Joan,3066
Joan,2042
Joan,1944
Joan,3264
Joan,4838
Joan,683
Joan,2747
Joan,1781
Joan,3310
Joan,2420
Joan,1746
Joan,749
Joan,1663
Joan,4208
Joan,930
Joan,1378
Joan,3871
Joan,1360
Joan,3779
Joan,1295
Joan,1290
Joan,2251
Joe,822
Joe,3762
Joe,2960
Joe,4945
Joe,1862
Joe,882
Joe,1951
Joe,562
Joe,4832
Joe,1873
Joe,4359
Joe,1783
Joe,3491
Joe,4502
Joe,1590
Joe,1816
Joe,2892
Joe,3980
Joe,2883
Joe,3461
Joe,2595
Joe,2934
Joe,2211
Joe,4019
Joe,2709
Joe,3559
Joe,2816
John,3837
John,4702
John,197
John,2767
John,4773
John,2155
John,3267
John,2630
John,2360
John,2561
John,2019
John,1773
John,2983
John,399
John,2371
John,3097
John,1627
John,2588
John,3480
John,2649
John,3184
John,1495
Johnny,2316
Johnny,984
Johnny,1871
Johnny,4482
Johnny,3131
Johnny,1253
Johnny,3369
Johnny,1081
Johnny,4540
Johnny,4553
Johnny,786
Johnny,1249
Johnny,4686
Johnny,3423
Johnny,3429
Johnny,1356
Johnny,4053
Johnny,3018
Johnny,870
Johnny,1387
Johnny,4680
Johnny,3255
Johnny,1162
Jonathan,3256
Jonathan,3852
Jonathan,4867
Jonathan,2017
Jonathan,2790
Jonathan,451
Jonathan,4217
Jonathan,1741
Jonathan,1980
Jonathan,4479
Jonathan,4344
Jonathan,3312
Jonathan,1455
Jonathan,1134
Jonathan,3142
Jonathan,3863
Jonathan,4989
Jonathan,3816
Jonathan,3164
Jonathan,3538
Jonathan,2437
Jonathan,1314
Jonathan,3755
Jonathan,56
Jonathan,4023
Jonathan,4685
Jonathan,1240
Jonathan,2914
Jonathan,3541
Jose,1713
Jose,2388
Jose,664
Jose,3967
Jose,3260
Jose,1141
Jose,2795
Jose,4166
Jose,1509
Jose,417
Jose,937
Jose,4649
Jose,261
Jose,356
Jose,347
Jose,316
Joseph,196
Joseph,1945
Joseph,4676
Joseph,4319
Joseph,4469
Joseph,4100
Joseph,1619
Joseph,1434
Joseph,3879
Joseph,1478
Joseph,3050
Joseph,1405
Joseph,2453
Joseph,470
Joseph,4261
Joseph,2434
Joseph,2416
Joseph,1452
Joseph,2012
Joseph,4093
Joseph,3526
Joseph,1419
Joseph,643
Joseph,2218
Joshua,3953
Joshua,991
Joshua,4743
Joshua,1525
Joshua,1545
Joshua,1003
Joshua,2653
Joshua,3691
Joshua,2995
Joshua,876
Joshua,2913
Joshua,1032
Joshua,3719
Joshua,4240
Joshua,1833
Joshua,1639
Joshua,4555
Joshua,4766
Joshua,2838
Joshua,4878
Joshua,757
Joshua,3357
Joshua,4699
Joshua,2134
Joshua,4462
Joshua,4501
Joshua,4467
Joshua,4836
Joshua,1822
Joshua,4409
Joshua,4823
Joshua,4776
Joyce,3191
Joyce,805
Joyce,1888
Joyce,1246
Joyce,1402
Joyce,1422
Joyce,987
Joyce,2054
Joyce,3764
Joyce,685
Joyce,4870
Joyce,1803
Joyce,2645
Joyce,875
Joyce,1017
Joyce,907
Joyce,4446
Juan,4375
Juan,91
Juan,185
Juan,215
Juan,238
Juan,421
Juan,428
Juan,587
Juan,909
Juan,1439
Juan,1464
Juan,2003
Juan,2145
Juan,2237
Juan,2275
Juan,2319
Juan,2342
Juan,2982
Juan,3009
Juan,3326
Juan,3438
Juan,3783
Juan,4423
Juan,4800
Judith,85
Judith,4131
Judith,53
Judith,877
Judith,2308
Judith,3653
Judith,1235
Judith,4536
Judith,2261
Judith,3933
Judith,1947
Judith,1488
Judith,556
Judith,4178
Judith,3435
Judith,4978
Judith,2923
Judith,4651
Judith,3353
Judith,3250
Judith,1703
Judy,4565
Judy,4317
Judy,4143
Judy,2562
Judy,48
Judy,709
Judy,2543
Judy,2955
Judy,623
Judy,888
Judy,2915
Judy,4451
Judy,2587
Judy,4210
Judy,2491
Judy,586
Judy,3928
Judy,1767
Judy,503
Judy,2832
Judy,3247
Julia,3278
Julia,3317
Julia,319
Julia,2879
Julia,1490
Julia,1126
Julia,1753
Julia,3274
Julia,542
Julia,762
Julia,754
Julia,4732
Julia,3823
Julia,2119
Julia,1542
Julia,4040
Julia,3188
Julia,3887
Julia,3350
Julia,317
Julie,1598
Julie,62
Julie,3393
Julie,4435
Julie,3834
Julie,3663
Julie,374
Julie,4857
Julie,325
Julie,3635
Julie,2527
Julie,3909
Julie,2117
Julie,2062
Julie,3263
Julie,1168
Julie,3372
Julie,710
Julie,2411
Julie,1051
Justin,2028
Justin,672
Justin,2557
Justin,1688
Justin,3238
Justin,1555
Justin,2568
Justin,126
Justin,1989
Justin,315
Justin,590
Justin,798
Justin,1105
Justin,911
Justin,747
Justin,4992
Justin,2466
Justin,4811
Justin,3620
Justin,3313
Justin,255
Justin,3710
Justin,2835
Justin,1355
Justin,3643
Justin,2725
Justin,3207
Justin,3688
Justin,2302
Justin,3495
Justin,4352
Justin,3737
Justin,972
Justin,81
Karen,616
Karen,2927
Karen,2287
Karen,4082
Karen,1830
Karen,4780
Karen,310
Karen,4350
Karen,3123
Karen,279
Karen,1045
Karen,3655
Karen,4874
Karen,84
Karen,4883
Karen,1642
Karen,1792
Karen,1874
Karen,1582
Karen,1403
Karen,3694
Karen,4886
Karen,3725
Karen,4500
Karen,1301
Karen,1172
Karen,4293
Karen,2001
Karen,2880
Karen,329
Karen,4631
Karen,508
Karen,3963
Karen,1332
Karen,2448
Karen,4943
Karen,4679
Karen,1923
Karen,2498
Karen,2893
Katherine,813
Katherine,3490
Katherine,1548
Katherine,4900
Katherine,4860
Katherine,2495
Katherine,2681
Katherine,1496
Katherine,192
Katherine,3325
Katherine,1469
Katherine,2578
Katherine,2347
Katherine,4643
Katherine,3418
Katherine,412
Katherine,1283
Katherine,3812
Katherine,434
Katherine,1894
Katherine,1911
Katherine,2271
Katherine,2268
Katherine,504
Katherine,2868
Katherine,3143
Katherine,1122
Katherine,2002
Katherine,686
Katherine,2050
Katherine,1660
Katherine,4126
Katherine,4139
Katherine,2993
Kathleen,1840
Kathleen,3333
Kathleen,4243
Kathleen,1946
Kathleen,2758
Kathleen,190
Kathleen,2486
Kathleen,4141
Kathleen,1692
Kathleen,2964
Kathleen,4
Kathleen,308
Kathleen,994
Kathleen,752
Kathleen,1321
Kathleen,3700
Kathleen,1259
Kathleen,2935
Kathleen,1714
Kathleen,2188
Kathleen,3751
Kathleen,645
Kathleen,3202
Kathleen,1375
Kathleen,3195
Kathleen,3870
Kathleen,3405
Kathleen,2899
Kathleen,3925
Kathleen,2462
Kathleen,2674
Kathryn,3311
Kathryn,1110
Kathryn,3129
Kathryn,2522
Kathryn,2693
Kathryn,4034
Kathryn,2519
Kathryn,3738
Kathryn,1624
Kathryn,879
Kathryn,4136
Kathryn,4724
Kathryn,1850
Kathryn,4786
Kathryn,2548
Kathryn,2142
Kathryn,4938
Kathryn,2349
Kathryn,3174
Kathryn,2737
Kathryn,669
Kathryn,1022
Kathryn,2909
Kathryn,1093
Kathryn,593
Kathryn,1468
Kathryn,3915
Kathy,3937
Kathy,3078
Kathy,324
Kathy,3536
Kathy,4835
Kathy,3516
Kathy,1186
Kathy,3167
Kathy,3977
Kathy,3623
Kathy,1727
Kathy,284
Kathy,2402
Kathy,1759
Kathy,4182
Kathy,4153
Kathy,4416
Kathy,1083
Keith,1484
Keith,1317
Keith,4728
Keith,3798
Keith,2821
Keith,3847
Keith,257
Keith,2277
Keith,2113
Keith,4156
Keith,1664
Keith,1145
Keith,3954
Keith,2092
Keith,597
Keith,3576
Keith,4006
Keith,4929
Keith,3724
Keith,3712
Keith,360
Kelly,4723
Kelly,1645
Kelly,2550
Kelly,323
Kelly,3931
Kelly,2516
Kelly,124
Kelly,2750
Kelly,4543
Kelly,2862
Kelly,3687
Kelly,2721
Kelly,334
Kelly,670
Kelly,64
Kelly,1018
Kelly,848
Kenneth,3869
Kenneth,378
Kenneth,3991
Kenneth,3069
Kenneth,26
Kenneth,3392
Kenneth,4144
Kenneth,411
Kenneth,3962
Kenneth,2907
Kenneth,2362
Kenneth,4554
Kenneth,2094
Kenneth,2713
Kenneth,627
Kenneth,1560
Kenneth,4411
Kenneth,2717
Kenneth,1561
Kenneth,2020
Kenneth,4755
Kenneth,3462
Kenneth,1020
Kevin,3776
Kevin,4954
Kevin,2079
Kevin,3723
Kevin,452
Kevin,4638
Kevin,3627
Kevin,4654
Kevin,2487
Kevin,662
Kevin,624
Kevin,445
Kevin,4391
Kevin,3633
Kevin,2576
Kevin,1961
Kimberly,1506
Kimberly,2226
Kimberly,4828
Kimberly,4854
Kimberly,1501
Kimberly,1964
Kimberly,226
Kimberly,771
Kimberly,2210
Kimberly,4292
Kimberly,1086
Kimberly,3340
Kimberly,4048
Kimberly,3835
Kimberly,4076
Kimberly,2639
Kimberly,3021
Kimberly,4116
Kimberly,2811
Kimberly,723
Kimberly,1366
Kimberly,345
Kimberly,3403
Kimberly,2748
Kimberly,1831
Kimberly,1374
Kimberly,3330
Larry,409
Larry,2977
Larry,4233
Larry,1605
Larry,3511
Larry,4226
Larry,1046
Larry,3968
Larry,384
Larry,170
Larry,1844
Larry,4861
Larry,2910
Larry,4282
Larry,391
Larry,4708
Larry,2903
Larry,2363
Larry,3424
Larry,3509
Larry,605
Larry,3803
Larry,1864
Larry,1381
Larry,39
Larry,2060
Larry,1985
Larry,903
Laura,4032
Laura,4863
Laura,223
Laura,2745
Laura,2366
Laura,4644
Laura,4637
Laura,4496
Laura,656
Laura,4357
Laura,2140
Laura,951
Laura,4105
Laura,3986
Laura,1146
Laura,1198
Laura,2606
Laura,1865
Laura,1380
Laura,1461
Lawrence,2736
Lawrence,2948
Lawrence,943
Lawrence,1059
Lawrence,4094
Lawrence,3657
Lawrence,4120
Lawrence,4121
Lawrence,4808
Lawrence,4562
Lawrence,4031
Lawrence,3943
Lawrence,2617
Lawrence,4401
Lawrence,1230
Lawrence,1363
Lawrence,1370
Lawrence,4707
Lawrence,677
Lawrence,3703
Lawrence,1233
Lawrence,3224
Lawrence,4079
Lawrence,4891
Lawrence,3113
Lillian,2256
Lillian,1142
Lillian,869
Lillian,3379
Lillian,1592
Lillian,86
Lillian,1558
Lillian,2686
Lillian,181
Lillian,235
Lillian,4355
Lillian,1427
Lillian,3692
Lillian,2034
Lillian,4379
Lillian,1062
Lillian,2321
Lillian,1068
Lillian,1852
Lillian,1678
Lillian,3892
Lillian,3175
Lillian,553
Linda,431
Linda,198
Linda,2339
Linda,4547
Linda,3199
Linda,3636
Linda,3621
Linda,3243
Linda,4974
Linda,333
Linda,3460
Linda,1643
Linda,4361
Linda,3960
Linda,2905
Linda,4066
Linda,3439
Linda,1825
Linda,1206
Linda,4266
Linda,3209
Linda,3666
Linda,1648
Linda,828
Linda,4204
Linda,320
Lisa,829
Lisa,978
Lisa,3949
Lisa,4477
Lisa,4090
Lisa,177
Lisa,2510
Lisa,2992
Lisa,3033
Lisa,4691
Lisa,60
Lisa,655
Lisa,2773
Lisa,357
Lisa,2013
Lisa,371
Lisa,4404
Lisa,2336
Lisa,1305
Lisa,4639
Lisa,1847
Lisa,3107
Lisa,16
Lisa,1855
Lisa,1075
Lisa,3796
Lisa,1680
Lisa,4575
Lisa,3416
Lisa,3946
Lisa,1224
Lisa,2470
Lisa,4235
Lisa,2968
Lisa,4981
Lois,500
Lois,1210
Lois,388
Lois,948
Lois,814
Lois,486
Lois,3197
Lois,4455
Lois,799
Lois,63
Lois,1446
Lois,2684
Lois,3327
Lois,3190
Lois,424
Lois,3220
Lois,1289
Lois,557
Lois,1257
Lois,2573
Lois,2289
Lois,2475
Lori,843
Lori,722
Lori,3056
Lori,3115
Lori,1970
Lori,1967
Lori,3420
Lori,2288
Lori,3794
Lori,397
Lori,1339
Lori,2741
Lori,4762
Lori,2444
Lori,1451
Lori,2447
Lori,3399
Lori,1747
Lori,2524
Lori,47
Louis,4445
Louis,608
Louis,630
Louis,2223
Louis,721
Louis,3886
Louis,3216
Louis,4970
Louis,3118
Louis,3378
Louis,3902
Louis,3160
Louis,2732
Louis,982
Louis,3011
Louis,3774
Louis,121
Louis,4067
Louis,1096
Louis,2884
Louis,3154
Louise,1039
Louise,2399
Louise,546
Louise,154
Louise,2998
Louise,2678
Louise,659
Louise,2069
Louise,4202
Louise,3477
Louise,204
Louise,1337
Louise,2348
Louise,4102
Louise,3426
Louise,2242
Louise,1361
Louise,1537
Louise,4443
Louise,3512
Louise,3532
Louise,4200
Louise,1898
Louise,2598
Margaret,1410
Margaret,818
Margaret,808
Margaret,2058
Margaret,817
Margaret,3061
Margaret,4532
Margaret,4322
Margaret,2105
Margaret,1780
Margaret,2260
Margaret,3276
Margaret,2817
Margaret,2101
Margaret,1986
Margaret,3419
Margaret,849
Margaret,1573
Maria,340
Maria,270
Maria,2166
Maria,563
Maria,1685
Maria,475
Maria,1885
Maria,4568
Maria,4487
Maria,3498
Maria,3499
Maria,1578
Maria,1877
Maria,437
Maria,425
Maria,4932
Maria,774
Maria,3221
Maria,606
Maria,921
Maria,128
Maria,4434
Maria,2304
Maria,4012
Maria,3022
Maria,1919
Maria,2005
Maria,3589
Maria,1669
Maria,725
Maria,3775
Maria,2800
Maria,949
Maria,3249
Maria,3051
Maria,1048
Maria,1343
Maria,2454
Maria,488
Maria,1348
Maria,507
Maria,4784
Marie,228
Marie,2272
Marie,3182
Marie,2212
Marie,1972
Marie,3203
Marie,4614
Marie,4430
Marie,2813
Marie,4648
Marie,2374
Marie,358
Marie,4046
Marie,1827
Marie,2770
Marie,4348
Marie,4810
Marie,4223
Marie,157
Marie,1528
Marie,2655
Marie,2651
Marie,2531
Marie,3366
Marie,1595
Marie,1603
Marie,4263
Marie,4518
Marilyn,392
Marilyn,2902
Marilyn,1089
Marilyn,2385
Marilyn,1559
Marilyn,423
Marilyn,2918
Marilyn,2877
Marilyn,4509
Marilyn,4376
Marilyn,692
Marilyn,2406
Marilyn,2856
Marilyn,304
Marilyn,3877
Marilyn,2890
Marilyn,2174
Marilyn,207
Marilyn,1610
Marilyn,1181
Marilyn,3486
Marilyn,1475
Marilyn,540
Marilyn,1028
Marilyn,24
Marilyn,518
Marilyn,733
Mark,1071
Mark,277
Mark,695
Mark,2754
Mark,650
Mark,1120
Mark,4403
Mark,1050
Mark,4326
Mark,4259
Mark,4310
Mark,1296
Mark,3891
Mark,115
Mark,112
Mark,4256
Mark,4525
Mark,1277
Mark,4937
Mark,4272
Mark,1975
Mark,3983
Mark,2282
Mark,3882
Mark,1013
Martha,4746
Martha,2610
Martha,2279
Martha,847
Martha,43
Martha,1192
Martha,2425
Martha,990
Martha,2384
Martha,1340
Martha,2133
Martha,3093
Martha,4466
Martha,1743
Martha,4753
Martha,1632
Martha,1288
Martha,2488
Martha,2370
Martha,12
Martha,405
Martha,2526
Martha,2533
Martha,4081
Martha,3672
Martha,4410
Martin,968
Martin,297
Martin,1391
Martin,472
Martin,1870
Martin,3781
Martin,443
Martin,1395
Martin,2296
Martin,205
Martin,3364
Martin,3449
Martin,187
Martin,2566
Martin,4959
Martin,4179
Martin,4490
Martin,2208
Martin,1125
Martin,4619
Martin,3815
Mary,4700
Mary,2563
Mary,2497
Mary,2730
Mary,2391
Mary,2794
Mary,3148
Mary,1901
Mary,3205
Mary,3305
Mary,1587
Mary,1554
Mary,1498
Mary,1449
Mary,1345
Mary,1333
Mary,3780
Mary,3844
Mary,1185
Mary,3944
Mary,1097
Mary,4088
Mary,974
Mary,970
Mary,4148
Mary,737
Mary,418
Mary,4655
Mary,4797
Mary,178
Mary,4872
Mary,4873
Matthew,3617
Matthew,4625
Matthew,3316
Matthew,3503
Matthew,1033
Matthew,4247
Matthew,3993
Matthew,1019
Matthew,1150
Matthew,1824
Matthew,4664
Matthew,2118
Matthew,2429
Matthew,2219
Matthew,2796
Matthew,3291
Matthew,4393
Matthew,3404
Matthew,4128
Matthew,4627
Matthew,4673
Matthew,3258
Matthew,492
Melissa,278
Melissa,3272
Melissa,2931
Melissa,3028
Melissa,152
Melissa,93
Melissa,168
Melissa,4196
Melissa,2365
Melissa,3591
Melissa,2238
Melissa,1729
Melissa,4219
Melissa,4387
Melissa,2916
Melissa,4158
Melissa,831
Melissa,4593
Melissa,1797
Michael,3005
Michael,584
Michael,4817
Michael,3223
Michael,4027
Michael,2772
Michael,4441
Michael,1661
Michael,3637
Michael,1524
Michael,45
Michael,743
Michael,2163
Michael,2928
Michael,4530
Michael,3828
Michael,678
Michael,4013
Michael,1630
Michael,1690
Michael,4848
Michael,2551
Michael,3519
Michael,3674
Michelle,4456
Michelle,617
Michelle,4729
Michelle,321
Michelle,2760
Michelle,1646
Michelle,4488
Michelle,2661
Michelle,2981
Michelle,4515
Michelle,4869
Michelle,2280
Michelle,2494
Michelle,167
Michelle,4566
Michelle,1036
Michelle,2479
Michelle,1027
Michelle,2465
Michelle,3841
Michelle,5000
Michelle,2593
Michelle,404
Michelle,3159
Michelle,1550
Michelle,4408
Michelle,1805
Michelle,1266
Michelle,4751
Michelle,386
Mildred,1311
Mildred,681
Mildred,1604
Mildred,614
Mildred,4199
Mildred,1069
Mildred,1628
Mildred,108
Mildred,258
Mildred,272
Mildred,1359
Mildred,592
Mildred,4427
Mildred,458
Mildred,1021
Mildred,188
Mildred,3134
Mildred,3522
Mildred,4616
Mildred,1541
Mildred,362
Mildred,1580
Mildred,3922
Nancy,2805
Nancy,2952
Nancy,1966
Nancy,34
Nancy,2536
Nancy,1608
Nancy,4020
Nancy,1061
Nancy,1721
Nancy,3540
Nancy,15
Nancy,2040
Nancy,302
Nancy,3218
Nancy,967
Nancy,2740
Nancy,916
Nancy,4675
Nancy,890
Nancy,2158
Nancy,1481
Nancy,427
Nancy,3956
Nancy,2825
Nancy,4260
Nancy,22
Nancy,2980
Nancy,3654
Nicholas,1113
Nicholas,4279
Nicholas,2006
Nicholas,3839
Nicholas,4234
Nicholas,2071
Nicholas,2542
Nicholas,3117
Nicholas,3644
Nicholas,1730
Nicholas,3046
Nicholas,1483
Nicholas,3989
Nicholas,1227
Nicholas,1990
Nicholas,1116
Nicholas,21
Nicholas,2673
Nicholas,4353
Nicholas,3608
Nicholas,3135
Nicole,4177
Nicole,2831
Nicole,1563
Nicole,3082
Nicole,4829
Nicole,3714
Nicole,2209
Nicole,4444
Nicole,2901
Nicole,2501
Nicole,812
Nicole,1811
Nicole,707
Nicole,4939
Nicole,3240
Nicole,770
Nicole,3907
Nicole,3108
Nicole,118
Nicole,3157
Nicole,2232
Nicole,2179
Nicole,2051
Nicole,3428
Nicole,1282
Nicole,3447
Nicole,3677
Nicole,2403
Nicole,836
Nicole,2765
Norma,4924
Norma,4124
Norma,4739
Norma,1644
Norma,3836
Norma,1634
Norma,1005
Norma,1879
Norma,3020
Norma,239
Norma,3349
Norma,4609
Norma,227
Norma,3287
Norma,834
Norma,1038
Norma,1040
Norma,2009
Norma,3741
Norma,1104
Norma,4903
Norma,2220
Norma,1085
Norma,4450
Norma,1900
Norma,4948
Norma,3806
Norma,2545
Pamela,80
Pamela,29
Pamela,2580
Pamela,3556
Pamela,811
Pamela,3628
Pamela,477
Pamela,4841
Pamela,4799
Pamela,2785
Pamela,1416
Pamela,3858
Pamela,459
Pamela,1250
Pamela,3842
Pamela,2461
Pamela,4345
Pamela,3581
Pamela,4899
Pamela,844
Pamela,2876
Pamela,545
Pamela,2607
Pamela,2781
Pamela,4606
Patricia,1846
Patricia,1183
Patricia,67
Patricia,1591
Patricia,246
Patricia,298
Patricia,4693
Patricia,10
Patricia,3602
Patricia,523
Patricia,3645
Patricia,2894
Patricia,2184
Patricia,4400
Patricia,4394
Patricia,2157
Patricia,729
Patricia,753
Patricia,4283
Patricia,1671
Patricia,3001
Patricia,1654
Patricia,857
Patricia,1299
Patricia,2076
Patricia,4168
Patricia,1291
Patricia,3417
Patricia,977
Patricia,4068
Patricia,1981
Patricia,1979
Patrick,2941
Patrick,2418
Patrick,3450
Patrick,314
Patrick,2074
Patrick,4632
Patrick,87
Patrick,4605
Patrick,4244
Patrick,3048
Patrick,3434
Patrick,3362
Patrick,138
Patrick,2973
Patrick,1354
Patrick,1606
Patrick,2298
Patrick,572
Patrick,2936
Patrick,3389
Patrick,2072
Patrick,4659
Patrick,3542
Patrick,28
Patrick,1800
Patrick,3884
Patrick,4232
Paul,1786
Paul,290
Paul,2398
Paul,945
Paul,4300
Paul,3736
Paul,2538
Paul,4377
Paul,3998
Paul,1779
Paul,2989
Paul,2122
Paul,1613
Paul,4542
Paul,1838
Paul,3253
Paul,2967
Paul,1067
Paul,4251
Paul,3008
Paul,3662
Paul,4584
Paul,697
Paul,2088
Paul,202
Paul,1567
Paul,3791
Paul,3515
Paul,1551
Paul,996
Paula,1012
Paula,988
Paula,2986
Paula,2046
Paula,4506
Paula,1352
Paula,694
Paula,3457
Paula,4132
Paula,4840
Paula,361
Paula,1516
Paula,1362
Paula,2577
Paula,3934
Paula,3893
Paula,3787
Paula,1691
Paula,3281
Paula,3254
Paula,4879
Paula,4249
Paula,4030
Paula,489
Paula,1365
Paula,4242
Paula,2187
Paula,3063
Peter,2281
Peter,3273
Peter,601
Peter,759
Peter,4521
Peter,2850
Peter,3625
Peter,3003
Peter,3248
Peter,3618
Peter,447
Peter,2084
Peter,908
Peter,4683
Peter,1518
Peter,2426
Peter,288
Peter,1552
Peter,4064
Peter,3365
Peter,1884
Peter,131
Peter,4390
Peter,2205
Peter,708
Philip,2266
Philip,3081
Philip,4736
Philip,3733
Philip,4906
Philip,820
Philip,2126
Philip,2911
Philip,4595
Philip,3090
Philip,3502
Philip,408
Philip,3822
Philip,4794
Philip,2869
Philip,1275
Philip,3517
Philip,1132
Philip,3826
Phillip,3427
Phillip,4988
Phillip,2181
Phillip,2387
Phillip,1785
Phillip,3032
Phillip,1435
Phillip,1011
Phillip,863
Phillip,2335
Phillip,217
Phillip,4825
Phillip,4602
Phillip,3315
Phillip,2504
Phillip,2922
Phillip,4250
Phillip,4433
Phillip,3760
Phillip,2636
Phillip,4386
Phillip,4304
Phillip,2070
Phillip,2415
Phillip,306
Phillip,1109
Phyllis,3577
Phyllis,401
Phyllis,103
Phyllis,3448
Phyllis,2702
Phyllis,979
Phyllis,772
Phyllis,2586
Phyllis,232
Phyllis,1286
Phyllis,2364
Phyllis,200
Phyllis,3997
Phyllis,4061
Phyllis,3767
Phyllis,4573
Phyllis,2114
Phyllis,1182
Phyllis,1225
Phyllis,3171
Phyllis,2759
Phyllis,2059
Phyllis,1949
Phyllis,4343
Rachel,1273
Rachel,3478
Rachel,1593
Rachel,3344
Rachel,1535
Rachel,1447
Rachel,1346
Rachel,3777
Rachel,3790
Rachel,1868
Rachel,3859
Rachel,1228
Rachel,1191
Rachel,4045
Rachel,3084
Rachel,3035
Rachel,4173
Rachel,2083
Rachel,4318
Rachel,4431
Rachel,578
Rachel,4622
Rachel,2325
Rachel,2797
Rachel,342
Rachel,4758
Rachel,273
Ralph,383
Ralph,2622
Ralph,860
Ralph,454
Ralph,522
Ralph,2201
Ralph,387
Ralph,2844
Ralph,4718
Ralph,3769
Ralph,2033
Ralph,4765
Ralph,1222
Ralph,3397
Ralph,4571
Ralph,1546
Ralph,2643
Ralph,510
Ralph,1130
Ralph,1508
Ralph,4099
Ralph,366
Ralph,2943
Ralph,665
Ralph,4447
Ralph,1925
Ralph,4634
Ralph,2715
Ralph,462
Randy,143
Randy,4895
Randy,2063
Randy,32
Randy,208
Randy,156
Randy,3804
Randy,1470
Randy,76
Randy,626
Randy,940
Randy,1829
Randy,4882
Randy,4044
Randy,4819
Randy,219
Randy,3548
Randy,3265
Randy,129
Randy,3036
Randy,4237
Randy,4087
Raymond,4764
Raymond,135
Raymond,4545
Raymond,3747
Raymond,533
Raymond,536
Raymond,4497
Raymond,544
Raymond,567
Raymond,2670
Raymond,1164
Raymond,3659
Raymond,242
Raymond,4209
Raymond,959
Raymond,641
Raymond,1000
Raymond,3685
Raymond,3458
Raymond,3698
Raymond,1878
Raymond,3161
Raymond,1505
Raymond,4579
Raymond,351
Raymond,3772
Raymond,1371
Raymond,1060
Raymond,2596
Raymond,4717
Raymond,2097
Raymond,1520
Rebecca,1084
Rebecca,3904
Rebecca,2481
Rebecca,3641
Rebecca,4366
Rebecca,1214
Rebecca,1373
Rebecca,1712
Rebecca,1568
Rebecca,571
Rebecca,884
Rebecca,3850
Rebecca,2189
Rebecca,564
Rebecca,4853
Rebecca,920
Rebecca,1987
Rebecca,4661
Rebecca,973
Rebecca,773
Rebecca,419
Richard,761
Richard,2827
Richard,4095
Richard,1658
Richard,1319
Richard,4389
Richard,4003
Richard,281
Richard,4369
Richard,2793
Richard,3406
Richard,1073
Richard,1655
Richard,3321
Richard,2225
Richard,3830
Richard,3136
Richard,896
Richard,746
Richard,4229
Richard,1697
Robert,4827
Robert,1476
Robert,1908
Robert,3298
Robert,3634
Robert,1976
Robert,2930
Robert,4374
Robert,3708
Robert,4689
Robert,2021
Robert,4745
Robert,1597
Robert,4183
Robert,3064
Robert,3421
Robin,1777
Robin,1790
Robin,3771
Robin,463
Robin,1615
Robin,868
Robin,1705
Robin,2430
Robin,1472
Robin,2111
Robin,2994
Robin,344
Robin,1708
Robin,1137
Robin,3895
Robin,1817
Robin,2230
Robin,4592
Robin,2944
Robin,1807
Robin,1157
Robin,4037
Robin,4281
Robin,1750
Robin,3982
Robin,4987
Robin,1412
Robin,4742
Robin,4311
Roger,291
Roger,4738
Roger,137
Roger,3552
Roger,3475
Roger,1309
Roger,3096
Roger,4307
Roger,3568
Roger,3715
Roger,4519
Roger,2442
Roger,398
Roger,1752
Roger,2300
Roger,1428
Roger,4812
Roger,3144
Roger,4471
Roger,2824
Roger,3412
Roger,1588
Roger,4110
Roger,162
Roger,3494
Roger,1463
Roger,4843
Roger,1325
Roger,299
Ronald,471
Ronald,3149
Ronald,1918
Ronald,4968
Ronald,51
Ronald,54
Ronald,4951
Ronald,1076
Ronald,4890
Ronald,2022
Ronald,1700
Ronald,4114
Ronald,4130
Ronald,3361
Ronald,3042
Ronald,904
Ronald,241
Ronald,4779
Ronald,1841
Ronald,784
Ronald,312
Ronald,4719
Ronald,1514
Ronald,1812
Ronald,381
Ronald,1409
Ronald,2203
Ronald,4513
Rose,530
Rose,1115
Rose,485
Rose,38
Rose,4611
Rose,3629
Rose,4528
Rose,1438
Rose,3158
Rose,778
Rose,1043
Rose,2505
Rose,1818
Rose,2990
Rose,4001
Rose,514
Rose,2
Rose,2333
Rose,3014
Rose,3675
Rose,4960
Rose,3889
Rose,3854
Rose,1937
Rose,2701
Rose,846
Rose,495
Rose,957
Roy,1367
Roy,4041
Roy,2414
Roy,768
Roy,2987
Roy,923
Roy,3918
Roy,1462
Roy,3067
Roy,1762
Roy,1443
Roy,1926
Roy,3606
Roy,4792
Roy,3214
Roy,1418
Roy,3782
Roy,2720
Roy,2258
Roy,65
Roy,3116
Roy,1079
Roy,4928
Roy,2726
Roy,3563
Roy,1837
Roy,2404
Ruby,1662
Ruby,4550
Ruby,3597
Ruby,763
Ruby,506
Ruby,3228
Ruby,4419
Ruby,2338
Ruby,382
Ruby,2540
Ruby,3402
Ruby,2848
Ruby,3246
Ruby,1935
Ruby,2642
Ruby,688
Ruby,99
Ruby,3196
Ruby,827
Ruby,474
Ruby,105
Ruby,4138
Ruby,1959
Ruby,3303
Ruby,2424
Ruby,1263
Ruby,2820
Russell,4524
Russell,740
Russell,2855
Russell,1656
Russell,699
Russell,2026
Russell,480
Russell,2471
Russell,3059
Russell,4589
Russell,4516
Russell,3094
Russell,3819
Russell,993
Russell,4483
Russell,254
Russell,3497
Russell,1054
Russell,1477
Russell,1940
Russell,1037
Russell,3622
Russell,114
Russell,4465
Russell,3735
Russell,4582
Ruth,1458
Ruth,2706
Ruth,3385
Ruth,3916
Ruth,4002
Ruth,332
Ruth,2270
Ruth,1857
Ruth,2244
Ruth,816
Ruth,1278
Ruth,2089
Ruth,1243
Ruth,1106
Ruth,3566
Ryan,2480
Ryan,1292
Ryan,906
Ryan,1709
Ryan,881
Ryan,4212
Ryan,2503
Ryan,17
Ryan,3252
Ryan,1835
Ryan,790
Ryan,3631
Ryan,1653
Ryan,4354
Ryan,3701
Ryan,4950
Ryan,4421
Ryan,2823
Ryan,2565
Ryan,3152
Ryan,3897
Ryan,3642
Ryan,1776
Ryan,3047
Ryan,926
Samuel,3917
Samuel,599
Samuel,1701
Samuel,1294
Samuel,2728
Samuel,2819
Samuel,2616
Samuel,4947
Samuel,337
Samuel,3465
Samuel,4452
Samuel,1739
Samuel,3060
Samuel,3441
Samuel,4991
Samuel,4677
Samuel,3268
Samuel,1502
Samuel,2751
Samuel,3678
Samuel,745
Samuel,2529
Samuel,961
Samuel,2407
Samuel,2996
Samuel,2376
Samuel,1349
Samuel,801
Samuel,1135
Samuel,3849
Sandra,788
Sandra,1893
Sandra,3309
Sandra,1264
Sandra,4715
Sandra,3524
Sandra,1144
Sandra,1920
Sandra,4463
Sandra,1955
Sandra,1638
Sandra,407
Sandra,1487
Sandra,1002
Sandra,4155
Sandra,4415
Sandra,1101
Sandra,280
Sandra,3681
Sandra,2786
Sandra,654
Sara,2234
Sara,339
Sara,4349
Sara,1445
Sara,646
Sara,3900
Sara,3206
Sara,1585
Sara,3861
Sara,1993
Sara,1
Sara,1510
Sara,4772
Sara,2858
Sara,4302
Sara,3690
Sara,11
Sara,1810
Sara,835
Sara,2608
Sara,1539
Sara,2554
Sara,331
Sara,1963
Sara,2064
Sara,3345
Sara,2623
Sara,3551
Sara,151
Sara,1500
Sarah,1245
Sarah,2521
Sarah,2508
Sarah,1617
Sarah,3222
Sarah,4681
Sarah,4228
Sarah,3537
Sarah,269
Sarah,3446
Sarah,2718
Sarah,3025
Sarah,155
Sarah,429
Sarah,1950
Sarah,914
Sarah,874
Sarah,2705
Sarah,4557
Sarah,481
Sarah,4733
Sarah,461
Scott,3717
Scott,2860
Scott,2605
Scott,2775
Scott,3696
Scott,147
Scott,3615
Scott,2640
Scott,3885
Scott,524
Scott,4548
Scott,1307
Scott,537
Scott,4671
Scott,4809
Scott,1188
Scott,2710
Scott,3279
Scott,792
Scott,4096
Scott,338
Scott,2035
Scott,4669
Sean,3638
Sean,3099
Sean,3454
Sean,2590
Sean,3789
Sean,4332
Sean,3204
Sean,3506
Sean,1159
Sean,4327
Sean,1350
Sean,3376
Sean,4239
Sean,3732
Sean,2000
Sean,2408
Sean,2875
Sean,4826
Sean,2137
Sharon,4351
Sharon,2445
Sharon,2974
Sharon,2332
Sharon,1823
Sharon,36
Sharon,2326
Sharon,3355
Sharon,4057
Sharon,385
Sharon,3266
Sharon,555
Sharon,4193
Sharon,4017
Sharon,736
Sharon,3883
Sharon,3242
Shawn,4613
Shawn,1740
Shawn,3586
Shawn,3588
Shawn,2722
Shawn,3095
Shawn,1184
Shawn,4347
Shawn,851
Shawn,2394
Shawn,3716
Shawn,496
Shawn,2591
Shawn,912
Shawn,782
Shawn,560
Shawn,2515
Shawn,2742
Shawn,2871
Shawn,1298
Shawn,3368
Shawn,751
Shawn,3374
Shawn,3231
Shawn,521
Shawn,2436
Shawn,4533
Shawn,4008
Shawn,658
Shirley,2193
Shirley,2553
Shirley,1851
Shirley,1411
Shirley,4927
Shirley,3583
Shirley,1269
Shirley,3901
Shirley,2165
Shirley,640
Shirley,1600
Shirley,969
Shirley,4171
Shirley,3331
Shirley,4647
Shirley,1504
Shirley,2027
Shirley,1529
Shirley,1515
Shirley,4056
Shirley,1437
Shirley,3484
Shirley,1442
Shirley,4946
Shirley,711
Shirley,2881
Stephanie,140
Stephanie,2528
Stephanie,4901
Stephanie,4278
Stephanie,2091
Stephanie,4936
Stephanie,4737
Stephanie,838
Stephanie,1684
Stephanie,2233
Stephanie,3106
Stephanie,1673
Stephanie,1300
Stephanie,3425
Stephanie,1883
Stephanie,652
Stephanie,161
Stephanie,2695
Stephanie,3262
Stephanie,1102
Stephanie,4224
Stephanie,3607
Stephanie,3293
Stephanie,182
Stephen,4191
Stephen,2039
Stephen,981
Stephen,4115
Stephen,3054
Stephen,1280
Stephen,1281
Stephen,889
Stephen,3788
Stephen,845
Stephen,3742
Stephen,1384
Stephen,1799
Stephen,2202
Stephen,580
Stephen,4472
Stephen,565
Stephen,2241
Stephen,4511
Stephen,3624
Stephen,2830
Stephen,2330
Stephen,330
Stephen,220
Stephen,2688
Stephen,4920
Steve,1136
Steve,3145
Steve,4216
Steve,1231
Steve,2263
Steve,4594
Steve,2517
Steve,4925
Steve,1220
Steve,1889
Steve,4380
Steve,4934
Steve,4577
Steve,2667
Steve,862
Steven,865
Steven,1626
Steven,1016
Steven,4207
Steven,1044
Steven,3306
Steven,2085
Steven,551
Steven,3924
Steven,3940
Steven,4313
Steven,2843
Steven,1609
Steven,2299
Steven,4331
Steven,4695
Steven,3682
Steven,3414
Steven,2898
Steven,3523
Steven,276
Steven,2075
Steven,4192
Steven,4876
Steven,1897
Steven,2164
Susan,1748
Susan,4953
Susan,2628
Susan,193
Susan,3215
Susan,4211
Susan,4109
Susan,3006
Susan,3341
Susan,1536
Susan,2109
Susan,776
Susan,4051
Susan,1047
Susan,1440
Susan,318
Susan,1513
Susan,3314
Susan,4449
Susan,3151
Susan,3282
Susan,3336
Susan,4187
Susan,1480
Susan,2176
Tammy,3610
Tammy,4159
Tammy,1153
Tammy,4473
Tammy,4448
Tammy,2307
Tammy,1637
Tammy,70
Tammy,4704
Tammy,783
Tammy,3251
Tammy,4086
Tammy,855
Tammy,3921
Tammy,2057
Tammy,3232
Teresa,3558
Teresa,2749
Teresa,4306
Teresa,4912
Teresa,4701
Teresa,541
Teresa,3074
Teresa,287
Teresa,2375
Teresa,2485
Teresa,1465
Teresa,2829
Teresa,444
Teresa,3371
Teresa,3908
Teresa,1026
Teresa,4286
Teresa,4847
Teresa,4054
Teresa,4591
Teresa,719
Teresa,1761
Teresa,4653
Teresa,3180
Teresa,4709
Teresa,3520
Teresa,163
Teresa,2611
Teresa,1586
Teresa,4523
Teresa,1775
Teresa,4864
Teresa,2833
Teresa,3212
Teresa,2601
Terry,4641
Terry,3910
Terry,1978
Terry,621
Terry,2008
Terry,2841
Terry,3809
Terry,4340
Terry,3684
Terry,2082
Terry,3010
Terry,1755
Terry,3394
Terry,2423
Terry,4977
Terry,1322
Terry,3165
Theresa,3970
Theresa,2791
Theresa,2206
Theresa,1641
Theresa,218
Theresa,2951
Theresa,3947
Theresa,2127
Theresa,4703
Theresa,3356
Theresa,3866
Theresa,90
Theresa,3098
Theresa,435
Theresa,2979
Theresa,440
Theresa,543
Theresa,4727
Theresa,4494
Theresa,3746
Theresa,1675
Theresa,286
Theresa,4824
Theresa,3073
Theresa,3230
Theresa,1261
Theresa,1271
Theresa,191
Theresa,3800
Theresa,3351
Theresa,4184
Theresa,4973
Theresa,618
Thomas,679
Thomas,264
Thomas,4744
Thomas,4426
Thomas,3784
Thomas,1903
Thomas,3669
Thomas,3302
Thomas,4608
Thomas,3661
Thomas,4672
Thomas,1203
Thomas,1388
Thomas,1176
Thomas,585
Thomas,142
Thomas,1459
Thomas,494
Thomas,842
Thomas,3914
Thomas,742
Timothy,1211
Timothy,2141
Timothy,3929
Timothy,4372
Timothy,4461
Timothy,2317
Timothy,2286
Timothy,1511
Timothy,3860
Timothy,130
Timothy,2106
Timothy,1436
Timothy,1408
Timothy,3786
Timothy,3000
Timothy,2627
Timothy,4117
Timothy,2015
Timothy,4170
Timothy,1031
Timothy,3670
Timothy,3076
Timothy,1931
Timothy,3979
Timothy,149
Timothy,2483
Timothy,3185
Timothy,3485
Timothy,3459
Tina,887
Tina,3740
Tina,2393
Tina,2865
Tina,2991
Tina,300
Tina,2098
Tina,416
Tina,4365
Tina,3284
Tina,3969
Tina,1424
Tina,3913
Tina,265
Tina,1735
Tina,1764
Tina,247
Tina,1576
Tina,2169
Tina,2633
Tina,3468
Tina,4335
Tina,3810
Tina,4295
Todd,4856
Todd,2867
Todd,4460
Todd,1450
Todd,1957
Todd,4507
Todd,1310
Todd,4432
Todd,4940
Todd,901
Todd,3384
Todd,3299
Todd,1533
Todd,2132
Todd,165
Todd,955
Todd,3140
Todd,473
Todd,2908
Victor,14
Victor,4615
Victor,367
Victor,2129
Victor,3739
Victor,2984
Victor,2095
Victor,20
Victor,4181
Victor,210
Victor,1254
Victor,1244
Victor,1212
Victor,4000
Victor,1209
Victor,1960
Victor,2278
Virginia,2696
Virginia,735
Virginia,3100
Virginia,3561
Virginia,3919
Virginia,861
Virginia,2896
Virginia,2331
Virginia,833
Virginia,3034
Virginia,4238
Virginia,4241
Virginia,2284
Virginia,3890
Virginia,3974
Virginia,1647
Virginia,633
Virginia,4253
Virginia,3855
Virginia,1202
Virginia,1397
Virginia,4546
Virginia,2947
Virginia,1029
Virginia,4358
Virginia,3201
Virginia,2143
Virginia,4314
Virginia,1353
Virginia,1861
Virginia,2061
Virginia,528
Virginia,3528
Walter,2801
Walter,3995
Walter,2654
Walter,3773
Walter,4769
Walter,2196
Walter,4508
Walter,3873
Walter,2463
Walter,1190
Walter,2679
Walter,4855
Walter,2509
Walter,1242
Walter,4371
Walter,1129
Walter,1668
Walter,4646
Walter,4862
Walter,2669
Walter,3813
Walter,3433
Walter,3037
Wanda,4165
Wanda,3793
Wanda,1553
Wanda,271
Wanda,3370
Wanda,293
Wanda,2023
Wanda,4725
Wanda,2116
Wanda,4910
Wanda,4033
Wanda,94
Wanda,2121
Wanda,1078
Wanda,2148
Wanda,3574
Wanda,674
Wanda,3292
Wanda,3683
Wanda,4424
Wanda,4437
Wanda,3598
Wanda,8
Wanda,4617
Wanda,2217
Wayne,4892
Wayne,125
Wayne,2052
Wayne,4522
Wayne,964
Wayne,2535
Wayne,3396
Wayne,3680
Wayne,878
Wayne,1672
Wayne,88
Wayne,1064
Wayne,3543
Wayne,520
Wayne,2413
Wayne,3553
Wayne,4289
Wayne,248
Wayne,4544
Wayne,3707
Wayne,1571
Wayne,3911
Wayne,305
Wayne,1466
Wayne,4257
Wayne,3163
William,1934
William,2873
William,730
William,4690
William,4806
William,1689
William,4581
William,499
William,2421
William,1024
William,1324
William,2541
William,3183
William,2191
William,4759
William,2044
William,976
William,1304
William,2691
William,2305
William,1149
William,3088
William,2752
William,1519
William,3270
William,1521
William,1169
William,92
Willie,107
Willie,3029
Willie,939
Willie,1364
Willie,3442
Willie,2161
Willie,1625
Willie,2712
Willie,1869
Willie,4301
Willie,1082
Willie,3472
Willie,2192
Willie,50
Willie,2659
Willie,1737
Willie,4645
Willie,282
Willie,3987
Willie,61
Willie,1117
Willie,825
Willie,3103
Willie,1215
Willie,582
Willie,2594
