Aquamarine,3936
Aquamarine,1517
Aquamarine,4286
Aquamarine,246
Aquamarine,4566
Aquamarine,4570
Aquamarine,832
Aquamarine,2294
Aquamarine,4572
Aquamarine,4575
Aquamarine,253
Aquamarine,3733
Aquamarine,3461
Aquamarine,4580
Aquamarine,1498
Aquamarine,3752
Aquamarine,3279
Aquamarine,260
Aquamarine,3119
Aquamarine,3459
Aquamarine,2452
Aquamarine,3477
Aquamarine,752
Aquamarine,4317
Aquamarine,3126
Aquamarine,4600
Aquamarine,3246
Aquamarine,3762
Aquamarine,3190
Aquamarine,1331
Aquamarine,2063
Aquamarine,2232
Aquamarine,134
Aquamarine,2504
Aquamarine,9
Aquamarine,2585
Aquamarine,4114
Aquamarine,643
Aquamarine,2013
Aquamarine,2624
Aquamarine,1460
Aquamarine,284
Aquamarine,3900
Aquamarine,4740
Aquamarine,432
Aquamarine,1776
Aquamarine,2981
Aquamarine,2623
Aquamarine,2997
Aquamarine,3898
Aquamarine,2917
Aquamarine,4211
Aquamarine,409
Aquamarine,3889
Aquamarine,4644
Aquamarine,2391
Aquamarine,88
Aquamarine,1991
Aquamarine,399
Aquamarine,110
Aquamarine,3013
Aquamarine,2031
Aquamarine,4968
Aquamarine,2684
Aquamarine,692
Aquamarine,1444
Aquamarine,15
Aquamarine,640
Aquamarine,2338
Aquamarine,4730
Aquamarine,853
Aquamarine,1436
Aquamarine,1658
Aquamarine,1825
Aquamarine,2909
Aquamarine,4656
Aquamarine,927
Aquamarine,2752
Aquamarine,2704
Aquamarine,924
Aquamarine,3053
Aquamarine,3451
Aquamarine,325
Aquamarine,3144
Aquamarine,3564
Aquamarine,2302
Aquamarine,4659
Aquamarine,3814
Aquamarine,4660
Aquamarine,1700
Aquamarine,4663
Aquamarine,1380
Aquamarine,2978
Aquamarine,368
Aquamarine,1827
Aquamarine,864
Aquamarine,4668
Aquamarine,1741
Aquamarine,791
Aquamarine,365
Aquamarine,3841
Aquamarine,3846
Aquamarine,3848
Aquamarine,1394
Aquamarine,2276
Aquamarine,1159
Aquamarine,4987
Aquamarine,2138
Aquamarine,3850
Aquamarine,1738
Aquamarine,4252
Aquamarine,1387
Aquamarine,3003
Aquamarine,4890
Aquamarine,4440
Aquamarine,2972
Aquamarine,1167
Aquamarine,3056
Aquamarine,4245
Aquamarine,622
Aquamarine,1172
Aquamarine,1898
Aquamarine,1179
Aquamarine,879
Aquamarine,2215
Aquamarine,3099
Aquamarine,4230
Aquamarine,4180
Aquamarine,796
Aquamarine,4088
Aquamarine,4004
Aquamarine,2745
Aquamarine,100
Aquamarine,2211
Aquamarine,3578
Aquamarine,1202
Aquamarine,4306
Aquamarine,733
Aquamarine,2958
Aquamarine,3302
Aquamarine,3500
Aquamarine,680
Aquamarine,1923
Aquamarine,4000
Aquamarine,1215
Aquamarine,1626
Aquamarine,578
Aquamarine,1928
Aquamarine,3295
Aquamarine,1625
Aquamarine,972
Aquamarine,2661
Aquamarine,3635
Aquamarine,1612
Aquamarine,1041
Aquamarine,4479
Aquamarine,1219
Aquamarine,3390
Aquamarine,1939
Aquamarine,3352
Aquamarine,3313
Aquamarine,3100
Aquamarine,3349
Aquamarine,989
Aquamarine,3204
Aquamarine,1778
Aquamarine,1947
Aquamarine,569
Aquamarine,1875
Aquamarine,194
Aquamarine,3992
Aquamarine,1046
Aquamarine,969
Aquamarine,3475
Aquamarine,1955
Aquamarine,3342
Aquamarine,3504
Aquamarine,3341
Aquamarine,674
Aquamarine,556
Aquamarine,2429
Aquamarine,673
Aquamarine,2203
Aquamarine,1797
Aquamarine,4125
Aquamarine,2692
Aquamarine,1248
Aquamarine,3200
Aquamarine,3329
Aquamarine,195
Aquamarine,1103
Aquamarine,538
Aquamarine,3667
Aquamarine,3048
Aquamarine,2194
Aquamarine,1579
Aquamarine,2993
Aquamarine,1107
Aquamarine,2864
Aquamarine,2436
Aquamarine,1118
Aquamarine,2779
Aquamarine,1255
Aquamarine,956
Aquamarine,2819
Aquamarine,2712
Aquamarine,3489
Aquamarine,4345
Aquamarine,2726
Aquamarine,1062
Aquamarine,4821
Aquamarine,1560
Aquamarine,3421
Aquamarine,4818
Aquamarine,4817
Aquamarine,2234
Aquamarine,650
Aquamarine,3692
Aquamarine,3024
Aquamarine,1554
Aquamarine,2007
Aquamarine,4811
Aquamarine,56
Aquamarine,3197
Aquamarine,949
Aquamarine,522
Aquamarine,4806
Aquamarine,3961
Aquamarine,229
Aquamarine,1064
Aquamarine,3706
Aquamarine,1277
Aquamarine,156
Aquamarine,4538
Aquamarine,22
Aquamarine,3943
Aquamarine,1532
Aquamarine,4544
Aquamarine,3431
Aquamarine,3712
Aquamarine,2184
Aquamarine,3192
Blue,2359
Blue,32
Blue,4337
Blue,4168
Blue,1001
Blue,4967
Blue,776
Blue,2352
Blue,3293
Blue,2281
Blue,979
Blue,793
Blue,3593
Blue,3036
Blue,805
Blue,4301
Blue,809
Blue,3222
Blue,1904
Blue,816
Blue,4195
Blue,4196
Blue,2343
Blue,944
Blue,943
Blue,4209
Blue,3381
Blue,1650
Blue,845
Blue,3496
Blue,2299
Blue,4272
Blue,1646
Blue,4269
Blue,4262
Blue,99
Blue,4930
Blue,4970
Blue,2329
Blue,900
Blue,2315
Blue,894
Blue,3377
Blue,3615
Blue,2039
Blue,3369
Blue,3358
Blue,3630
Blue,3631
Blue,3357
Blue,3308
Blue,1602
Blue,2594
Blue,4872
Blue,1953
Blue,1592
Blue,1962
Blue,3334
Blue,3665
Blue,3505
Blue,3320
Blue,3670
Blue,4836
Blue,90
Blue,3681
Blue,3683
Blue,2090
Blue,1562
Blue,3247
Blue,2814
Blue,216
Blue,173
Blue,219
Blue,1549
Blue,3196
Blue,2100
Blue,152
Blue,3730
Blue,1492
Blue,1490
Blue,4884
Blue,3768
Blue,1473
Blue,279
Blue,1470
Blue,1457
Blue,3792
Blue,2501
Blue,2120
Blue,1449
Blue,300
Blue,2497
Blue,305
Blue,4957
Blue,307
Blue,4733
Blue,3798
Blue,313
Blue,2123
Blue,4716
Blue,4714
Blue,2493
Blue,3806
Blue,3807
Blue,327
Blue,3810
Blue,141
Blue,140
Blue,1828
Blue,3833
Blue,4676
Blue,348
Blue,2133
Blue,3452
Blue,359
Blue,2906
Blue,2794
Blue,2139
Blue,1833
Blue,1378
Blue,2851
Blue,2617
Blue,382
Blue,2908
Blue,2474
Blue,3877
Blue,392
Blue,3882
Blue,1730
Blue,4639
Blue,1351
Blue,4623
Blue,422
Blue,18
Blue,427
Blue,1346
Blue,2157
Blue,3241
Blue,1342
Blue,3132
Blue,3905
Blue,441
Blue,1325
Blue,4597
Blue,2168
Blue,2456
Blue,4953
Blue,1311
Blue,4585
Blue,1306
Blue,472
Blue,476
Blue,481
Blue,3933
Blue,2629
Blue,2449
Blue,489
Blue,2183
Blue,3938
Blue,3541
Blue,4995
Blue,2185
Blue,1796
Blue,3542
Blue,512
Blue,3944
Blue,516
Blue,1273
Blue,1266
Blue,3966
Blue,1244
Blue,3978
Blue,545
Blue,551
Blue,2428
Blue,24
Blue,562
Blue,2713
Blue,2947
Blue,2708
Blue,108
Blue,4483
Blue,2208
Blue,4482
Blue,3418
Blue,2640
Blue,1786
Blue,2707
Blue,3286
Blue,2213
Blue,4007
Blue,4015
Blue,2550
Blue,26
Blue,613
Blue,4028
Blue,3491
Blue,2395
Blue,2971
Blue,4870
Blue,4036
Blue,2231
Blue,3415
Blue,2553
Blue,4428
Blue,4426
Blue,653
Blue,1122
Blue,2236
Blue,1108
Blue,1105
Blue,4084
Blue,4409
Blue,670
Blue,671
Blue,676
Blue,3572
Blue,4405
Blue,2770
Blue,693
Blue,3063
Blue,31
Blue,3227
Blue,1764
Blue,4117
Blue,4383
Blue,1666
Blue,1042
Blue,4369
Blue,2587
Blue,2733
Blue,735
Blue,4359
Blue,4156
Blue,4355
Blue,4158
Blue,1664
Blue,2829
Blue,2069
Blue,2000
Blue,4160
Blue,4163
Crimson,2241
Crimson,3057
Crimson,2764
Crimson,488
Crimson,749
Crimson,728
Crimson,1523
Crimson,3937
Crimson,1099
Crimson,4779
Crimson,812
Crimson,3027
Crimson,3387
Crimson,2095
Crimson,1530
Crimson,4543
Crimson,3708
Crimson,502
Crimson,4796
Crimson,4335
Crimson,505
Crimson,2631
Crimson,677
Crimson,2443
Crimson,2632
Crimson,510
Crimson,234
Crimson,1007
Crimson,4535
Crimson,1998
Crimson,2805
Crimson,2682
Crimson,2943
Crimson,3958
Crimson,2348
Crimson,228
Crimson,4998
Crimson,2854
Crimson,3699
Crimson,524
Crimson,2189
Crimson,104
Crimson,4952
Crimson,528
Crimson,3109
Crimson,3691
Crimson,1258
Crimson,1567
Crimson,1768
Crimson,4830
Crimson,4515
Crimson,1574
Crimson,1975
Crimson,1972
Crimson,2992
Crimson,3968
Crimson,1967
Crimson,2382
Crimson,3107
Crimson,3391
Crimson,4927
Crimson,546
Crimson,547
Crimson,3106
Crimson,3335
Crimson,3552
Crimson,3073
Crimson,3555
Crimson,85
Crimson,1584
Crimson,688
Crimson,1589
Crimson,1234
Crimson,2427
Crimson,2696
Crimson,3343
Crimson,3985
Crimson,4966
Crimson,691
Crimson,786
Crimson,3238
Crimson,768
Crimson,94
Crimson,3657
Crimson,3656
Crimson,3636
Crimson,4097
Crimson,2863
Crimson,1080
Crimson,3224
Crimson,4109
Crimson,4851
Crimson,2862
Crimson,1788
Crimson,4314
Crimson,3621
Crimson,2420
Crimson,3998
Crimson,1208
Crimson,3580
Crimson,1207
Crimson,1924
Crimson,2414
Crimson,1919
Crimson,1205
Crimson,4315
Crimson,2410
Crimson,1637
Crimson,1065
Crimson,1199
Crimson,3604
Crimson,4235
Crimson,2407
Crimson,4005
Crimson,2405
Crimson,2403
Crimson,3600
Crimson,1674
Crimson,1673
Crimson,2401
Crimson,605
Crimson,1800
Crimson,4334
Crimson,4240
Crimson,4450
Crimson,2970
Crimson,986
Crimson,2373
Crimson,3059
Crimson,121
Crimson,2858
Crimson,4145
Crimson,2353
Crimson,618
Crimson,1175
Crimson,1173
Crimson,4218
Crimson,2331
Crimson,2263
Crimson,4385
Crimson,2224
Crimson,914
Crimson,627
Crimson,4923
Crimson,350
Crimson,2686
Crimson,871
Crimson,361
Crimson,1384
Crimson,139
Crimson,60
Crimson,3839
Crimson,1742
Crimson,2478
Crimson,1405
Crimson,4037
Crimson,3091
Crimson,4666
Crimson,372
Crimson,1409
Crimson,1414
Crimson,632
Crimson,1736
Crimson,2999
Crimson,4040
Crimson,4435
Crimson,2125
Crimson,381
Crimson,2333
Crimson,3510
Crimson,4899
Crimson,4704
Crimson,3808
Crimson,4265
Crimson,3875
Crimson,318
Crimson,41
Crimson,2672
Crimson,2339
Crimson,59
Crimson,3805
Crimson,3797
Crimson,1824
Crimson,397
Crimson,4736
Crimson,2121
Crimson,936
Crimson,1746
Crimson,2533
Crimson,1363
Crimson,2824
Crimson,774
Crimson,2500
Crimson,1727
Crimson,938
Crimson,3794
Crimson,4636
Crimson,411
Crimson,4901
Crimson,3793
Crimson,3894
Crimson,3139
Crimson,1726
Crimson,1724
Crimson,2356
Crimson,4627
Crimson,1454
Crimson,1148
Crimson,3226
Crimson,3790
Crimson,2463
Crimson,3786
Crimson,2994
Crimson,837
Crimson,1843
Crimson,4060
Crimson,4199
Crimson,2753
Crimson,4739
Crimson,285
Crimson,2665
Crimson,435
Crimson,4887
Crimson,1845
Crimson,2982
Crimson,3131
Crimson,4064
Crimson,1887
Crimson,3177
Crimson,443
Crimson,2
Crimson,1747
Crimson,1329
Crimson,1326
Crimson,3439
Crimson,4750
Crimson,2528
Crimson,4292
Crimson,1692
Crimson,2844
Crimson,3909
Crimson,267
Crimson,3045
Crimson,1316
Crimson,2927
Crimson,2454
Crimson,3438
Crimson,3758
Crimson,261
Crimson,2734
Crimson,3596
Crimson,2174
Crimson,4176
Crimson,3254
Crimson,468
Crimson,2548
Crimson,3744
Crimson,4767
Crimson,664
Crimson,2627
Crimson,3732
Crimson,4772
Crimson,2239
Crimson,3437
Crimson,3540
Crimson,1301
Crimson,4567
Crimson,4194
Crimson,247
Crimson,2628
Crimson,4560
Fuscia,1113
Fuscia,1784
Fuscia,1789
Fuscia,3257
Fuscia,1795
Fuscia,1799
Fuscia,2023
Fuscia,1808
Fuscia,2020
Fuscia,3464
Fuscia,3460
Fuscia,1820
Fuscia,1836
Fuscia,3450
Fuscia,4860
Fuscia,1855
Fuscia,1860
Fuscia,180
Fuscia,1866
Fuscia,1868
Fuscia,1869
Fuscia,3408
Fuscia,3397
Fuscia,184
Fuscia,4848
Fuscia,3298
Fuscia,1921
Fuscia,3359
Fuscia,193
Fuscia,1949
Fuscia,1957
Fuscia,86
Fuscia,2866
Fuscia,209
Fuscia,2874
Fuscia,2808
Fuscia,2604
Fuscia,2606
Fuscia,4754
Fuscia,264
Fuscia,2507
Fuscia,4746
Fuscia,2498
Fuscia,304
Fuscia,2797
Fuscia,2484
Fuscia,2614
Fuscia,338
Fuscia,4689
Fuscia,2615
Fuscia,4674
Fuscia,355
Fuscia,375
Fuscia,376
Fuscia,2792
Fuscia,4651
Fuscia,402
Fuscia,4643
Fuscia,16
Fuscia,4985
Fuscia,417
Fuscia,425
Fuscia,4619
Fuscia,4618
Fuscia,2825
Fuscia,4607
Fuscia,448
Fuscia,456
Fuscia,4589
Fuscia,2929
Fuscia,4569
Fuscia,478
Fuscia,2446
Fuscia,498
Fuscia,4983
Fuscia,4541
Fuscia,4531
Fuscia,4528
Fuscia,4523
Fuscia,549
Fuscia,4503
Fuscia,2430
Fuscia,4494
Fuscia,4489
Fuscia,2421
Fuscia,584
Fuscia,2959
Fuscia,2400
Fuscia,4978
Fuscia,624
Fuscia,2392
Fuscia,638
Fuscia,644
Fuscia,4418
Fuscia,4408
Fuscia,2648
Fuscia,2383
Fuscia,700
Fuscia,2374
Fuscia,4388
Fuscia,4387
Fuscia,709
Fuscia,122
Fuscia,712
Fuscia,4382
Fuscia,4381
Fuscia,2371
Fuscia,734
Fuscia,4354
Fuscia,2568
Fuscia,2985
Fuscia,750
Fuscia,2355
Fuscia,4312
Fuscia,784
Fuscia,4311
Fuscia,790
Fuscia,2991
Fuscia,4303
Fuscia,802
Fuscia,806
Fuscia,808
Fuscia,4299
Fuscia,2843
Fuscia,818
Fuscia,4972
Fuscia,4291
Fuscia,4280
Fuscia,841
Fuscia,4277
Fuscia,849
Fuscia,856
Fuscia,881
Fuscia,895
Fuscia,896
Fuscia,898
Fuscia,2313
Fuscia,906
Fuscia,913
Fuscia,2677
Fuscia,922
Fuscia,2297
Fuscia,940
Fuscia,4204
Fuscia,2559
Fuscia,4193
Fuscia,4192
Fuscia,4191
Fuscia,967
Fuscia,976
Fuscia,2282
Fuscia,2279
Fuscia,995
Fuscia,996
Fuscia,4171
Fuscia,1003
Fuscia,1006
Fuscia,4165
Fuscia,2271
Fuscia,4164
Fuscia,1026
Fuscia,4152
Fuscia,2265
Fuscia,4148
Fuscia,1048
Fuscia,4129
Fuscia,4126
Fuscia,4105
Fuscia,4932
Fuscia,2694
Fuscia,3071
Fuscia,1086
Fuscia,2848
Fuscia,49
Fuscia,1137
Fuscia,2719
Fuscia,4047
Fuscia,3089
Fuscia,4030
Fuscia,1171
Fuscia,1182
Fuscia,2706
Fuscia,4019
Fuscia,4016
Fuscia,4003
Fuscia,1213
Fuscia,3996
Fuscia,1224
Fuscia,1237
Fuscia,3971
Fuscia,1253
Fuscia,2192
Fuscia,128
Fuscia,3950
Fuscia,1297
Fuscia,3118
Fuscia,3121
Fuscia,3915
Fuscia,3908
Fuscia,1321
Fuscia,131
Fuscia,2547
Fuscia,1341
Fuscia,3896
Fuscia,3885
Fuscia,3867
Fuscia,3831
Fuscia,3161
Fuscia,1421
Fuscia,3803
Fuscia,1432
Fuscia,1435
Fuscia,1439
Fuscia,3163
Fuscia,1442
Fuscia,3796
Fuscia,4886
Fuscia,145
Fuscia,146
Fuscia,147
Fuscia,4956
Fuscia,4878
Fuscia,2103
Fuscia,2102
Fuscia,3731
Fuscia,2101
Fuscia,3191
Fuscia,2541
Fuscia,1527
Fuscia,1535
Fuscia,4955
Fuscia,1538
Fuscia,3701
Fuscia,3698
Fuscia,2593
Fuscia,1572
Fuscia,3201
Fuscia,3661
Fuscia,3660
Fuscia,3208
Fuscia,2539
Fuscia,1628
Fuscia,3618
Fuscia,1645
Fuscia,3223
Fuscia,2065
Fuscia,1675
Fuscia,1677
Fuscia,164
Fuscia,3233
Fuscia,3235
Fuscia,1694
Fuscia,2053
Fuscia,3558
Fuscia,4869
Fuscia,1731
Fuscia,3508
Fuscia,2041
Fuscia,1752
Fuscia,1753
Fuscia,1754
Fuscia,1773
Fuscia,3253
Fuscia,2032
Goldenrod,4347
Goldenrod,2365
Goldenrod,2266
Goldenrod,1050
Goldenrod,1052
Goldenrod,2765
Goldenrod,3058
Goldenrod,4389
Goldenrod,2652
Goldenrod,4108
Goldenrod,3067
Goldenrod,4106
Goldenrod,1075
Goldenrod,3575
Goldenrod,2650
Goldenrod,4103
Goldenrod,2244
Goldenrod,3573
Goldenrod,2379
Goldenrod,4398
Goldenrod,1096
Goldenrod,3074
Goldenrod,3075
Goldenrod,665
Goldenrod,4081
Goldenrod,2646
Goldenrod,4417
Goldenrod,4074
Goldenrod,1781
Goldenrod,2235
Goldenrod,4068
Goldenrod,649
Goldenrod,1130
Goldenrod,4048
Goldenrod,1693
Goldenrod,4046
Goldenrod,3482
Goldenrod,1154
Goldenrod,4042
Goldenrod,1162
Goldenrod,125
Goldenrod,3093
Goldenrod,615
Goldenrod,4446
Goldenrod,2535
Goldenrod,1184
Goldenrod,4010
Goldenrod,4458
Goldenrod,4469
Goldenrod,590
Goldenrod,2210
Goldenrod,2411
Goldenrod,2209
Goldenrod,1210
Goldenrod,3999
Goldenrod,1214
Goldenrod,3559
Goldenrod,568
Goldenrod,3251
Goldenrod,3987
Goldenrod,2777
Goldenrod,4493
Goldenrod,3986
Goldenrod,1235
Goldenrod,3984
Goldenrod,4500
Goldenrod,1241
Goldenrod,71
Goldenrod,4510
Goldenrod,2432
Goldenrod,2195
Goldenrod,1707
Goldenrod,532
Goldenrod,4904
Goldenrod,2190
Goldenrod,518
Goldenrod,4911
Goldenrod,1862
Goldenrod,2445
Goldenrod,1288
Goldenrod,4557
Goldenrod,484
Goldenrod,4568
Goldenrod,3924
Goldenrod,4584
Goldenrod,1861
Goldenrod,4587
Goldenrod,19
Goldenrod,3490
Goldenrod,3912
Goldenrod,454
Goldenrod,2166
Goldenrod,4599
Goldenrod,1327
Goldenrod,3130
Goldenrod,445
Goldenrod,4606
Goldenrod,1347
Goldenrod,2011
Goldenrod,1361
Goldenrod,403
Goldenrod,4905
Goldenrod,4653
Goldenrod,2619
Goldenrod,4662
Goldenrod,1377
Goldenrod,364
Goldenrod,2907
Goldenrod,356
Goldenrod,351
Goldenrod,4675
Goldenrod,4681
Goldenrod,3150
Goldenrod,2130
Goldenrod,2905
Goldenrod,3840
Goldenrod,4687
Goldenrod,3832
Goldenrod,1407
Goldenrod,12
Goldenrod,3827
Goldenrod,332
Goldenrod,4690
Goldenrod,323
Goldenrod,2612
Goldenrod,1429
Goldenrod,176
Goldenrod,3444
Goldenrod,3538
Goldenrod,314
Goldenrod,1441
Goldenrod,1447
Goldenrod,299
Goldenrod,4989
Goldenrod,295
Goldenrod,2609
Goldenrod,4738
Goldenrod,1458
Goldenrod,3170
Goldenrod,2046
Goldenrod,3176
Goldenrod,2892
Goldenrod,280
Goldenrod,4744
Goldenrod,1474
Goldenrod,1834
Goldenrod,273
Goldenrod,2108
Goldenrod,1484
Goldenrod,1485
Goldenrod,2506
Goldenrod,266
Goldenrod,4752
Goldenrod,258
Goldenrod,3749
Goldenrod,3748
Goldenrod,2801
Goldenrod,2105
Goldenrod,2104
Goldenrod,3739
Goldenrod,1830
Goldenrod,2883
Goldenrod,1515
Goldenrod,2878
Goldenrod,243
Goldenrod,4790
Goldenrod,237
Goldenrod,1823
Goldenrod,4798
Goldenrod,2807
Goldenrod,3457
Goldenrod,1543
Goldenrod,1553
Goldenrod,1557
Goldenrod,3688
Goldenrod,3685
Goldenrod,2868
Goldenrod,1577
Goldenrod,1578
Goldenrod,3662
Goldenrod,1777
Goldenrod,1959
Goldenrod,83
Goldenrod,3651
Goldenrod,1599
Goldenrod,3507
Goldenrod,3346
Goldenrod,3211
Goldenrod,2596
Goldenrod,3634
Goldenrod,2856
Goldenrod,1616
Goldenrod,3627
Goldenrod,3626
Goldenrod,1930
Goldenrod,3466
Goldenrod,1632
Goldenrod,1988
Goldenrod,3614
Goldenrod,3607
Goldenrod,3601
Goldenrod,3296
Goldenrod,3598
Goldenrod,2318
Goldenrod,3380
Goldenrod,4232
Goldenrod,2327
Goldenrod,902
Goldenrod,882
Goldenrod,878
Goldenrod,2310
Goldenrod,2309
Goldenrod,1899
Goldenrod,4251
Goldenrod,917
Goldenrod,2072
Goldenrod,4267
Goldenrod,2537
Goldenrod,4268
Goldenrod,4928
Goldenrod,4273
Goldenrod,929
Goldenrod,1896
Goldenrod,848
Goldenrod,847
Goldenrod,935
Goldenrod,840
Goldenrod,939
Goldenrod,2342
Goldenrod,3268
Goldenrod,80
Goldenrod,957
Goldenrod,1889
Goldenrod,98
Goldenrod,3025
Goldenrod,968
Goldenrod,3039
Goldenrod,974
Goldenrod,795
Goldenrod,4308
Goldenrod,981
Goldenrod,2351
Goldenrod,4328
Goldenrod,4172
Goldenrod,2275
Goldenrod,997
Goldenrod,2589
Goldenrod,759
Goldenrod,1017
Green,4964
Green,2439
Green,1292
Green,2736
Green,3931
Green,3929
Green,2179
Green,1890
Green,466
Green,3116
Green,1617
Green,3216
Green,1619
Green,3546
Green,2626
Green,4856
Green,3240
Green,452
Green,2292
Green,1004
Green,447
Green,1926
Green,4603
Green,3623
Green,1333
Green,2923
Green,3134
Green,3434
Green,1629
Green,2919
Green,1350
Green,4630
Green,2468
Green,2152
Green,4642
Green,1844
Green,1665
Green,1810
Green,3141
Green,391
Green,4924
Green,69
Green,1371
Green,1372
Green,2823
Green,7
Green,377
Green,2142
Green,370
Green,3857
Green,357
Green,3856
Green,187
Green,1392
Green,2347
Green,345
Green,4945
Green,803
Green,4342
Green,3159
Green,13
Green,1723
Green,335
Green,3830
Green,3049
Green,3826
Green,4959
Green,1417
Green,3821
Green,331
Green,2674
Green,3809
Green,2898
Green,101
Green,1428
Green,1993
Green,4717
Green,3406
Green,309
Green,2859
Green,1772
Green,169
Green,2610
Green,11
Green,3289
Green,1885
Green,2543
Green,905
Green,3385
Green,2311
Green,2608
Green,3784
Green,1011
Green,3526
Green,3467
Green,911
Green,2330
Green,3180
Green,4246
Green,275
Green,148
Green,3765
Green,2746
Green,4319
Green,3764
Green,2106
Green,2354
Green,1491
Green,3243
Green,4327
Green,2558
Green,66
Green,1739
Green,2298
Green,4769
Green,2044
Green,2988
Green,1829
Green,4212
Green,1669
Green,4775
Green,1744
Green,2002
Green,2876
Green,3454
Green,3194
Green,1023
Green,3494
Green,1679
Green,3410
Green,4147
Green,4361
Green,2759
Green,1039
Green,4377
Green,2367
Green,1043
Green,1045
Green,1681
Green,2689
Green,4791
Green,4128
Green,2014
Green,4949
Green,2656
Green,2769
Green,706
Green,4805
Green,4390
Green,2252
Green,3592
Green,1074
Green,1079
Green,3700
Green,2245
Green,225
Green,1087
Green,2980
Green,3412
Green,2875
Green,4093
Green,683
Green,1552
Green,835
Green,1690
Green,4412
Green,4413
Green,1555
Green,663
Green,834
Green,2599
Green,3082
Green,2645
Green,2017
Green,1117
Green,4424
Green,2233
Green,4061
Green,4352
Green,1128
Green,51
Green,1134
Green,4057
Green,2849
Green,1269
Green,1874
Green,648
Green,646
Green,4205
Green,1145
Green,1147
Green,645
Green,947
Green,3090
Green,4043
Green,2227
Green,2597
Green,29
Green,1165
Green,625
Green,2059
Green,620
Green,2223
Green,3674
Green,1178
Green,4918
Green,4336
Green,3095
Green,3416
Green,2397
Green,2670
Green,4842
Green,598
Green,2960
Green,4465
Green,1977
Green,1200
Green,3330
Green,1582
Green,3332
Green,2641
Green,1978
Green,1216
Green,1814
Green,574
Green,572
Green,84
Green,1222
Green,3658
Green,3988
Green,1591
Green,2424
Green,1952
Green,2205
Green,1951
Green,825
Green,1770
Green,4506
Green,2431
Green,3314
Green,3205
Green,2197
Green,1252
Green,1603
Green,3965
Green,3108
Green,3964
Green,1870
Green,3269
Green,2945
Green,526
Green,525
Green,3960
Green,3639
Green,4937
Green,2187
Green,2789
Green,2935
Green,494
Green,1611
Green,1934
Green,3110
Indigo,539
Indigo,561
Indigo,2786
Indigo,2096
Indigo,4778
Indigo,815
Indigo,4534
Indigo,1609
Indigo,2942
Indigo,3713
Indigo,1201
Indigo,2186
Indigo,1526
Indigo,3351
Indigo,4471
Indigo,2447
Indigo,492
Indigo,1528
Indigo,2822
Indigo,490
Indigo,844
Indigo,4875
Indigo,1293
Indigo,38
Indigo,4159
Indigo,3113
Indigo,1711
Indigo,557
Indigo,3926
Indigo,1265
Indigo,4356
Indigo,3925
Indigo,3588
Indigo,469
Indigo,2178
Indigo,3709
Indigo,2176
Indigo,3472
Indigo,2811
Indigo,3655
Indigo,2642
Indigo,4357
Indigo,3632
Indigo,207
Indigo,1932
Indigo,457
Indigo,1317
Indigo,1031
Indigo,3306
Indigo,3284
Indigo,737
Indigo,1033
Indigo,2416
Indigo,1268
Indigo,2389
Indigo,4376
Indigo,2268
Indigo,1038
Indigo,2344
Indigo,178
Indigo,2579
Indigo,4902
Indigo,2230
Indigo,1334
Indigo,811
Indigo,2925
Indigo,4612
Indigo,4954
Indigo,1785
Indigo,3902
Indigo,2258
Indigo,4616
Indigo,2920
Indigo,3136
Indigo,430
Indigo,2462
Indigo,2522
Indigo,2983
Indigo,1349
Indigo,1047
Indigo,4432
Indigo,2465
Indigo,3622
Indigo,4130
Indigo,2915
Indigo,828
Indigo,1878
Indigo,3888
Indigo,2418
Indigo,3140
Indigo,189
Indigo,2150
Indigo,1158
Indigo,1877
Indigo,3217
Indigo,636
Indigo,3142
Indigo,1702
Indigo,4119
Indigo,4437
Indigo,2693
Indigo,714
Indigo,2256
Indigo,126
Indigo,1722
Indigo,1376
Indigo,188
Indigo,4831
Indigo,761
Indigo,4665
Indigo,1882
Indigo,2346
Indigo,3861
Indigo,3611
Indigo,358
Indigo,630
Indigo,1067
Indigo,580
Indigo,3030
Indigo,4671
Indigo,2651
Indigo,4441
Indigo,626
Indigo,4680
Indigo,2560
Indigo,3297
Indigo,1644
Indigo,4282
Indigo,3092
Indigo,1544
Indigo,4685
Indigo,2038
Indigo,1648
Indigo,3221
Indigo,1801
Indigo,1545
Indigo,889
Indigo,537
Indigo,888
Indigo,2636
Indigo,1081
Indigo,1547
Indigo,3574
Indigo,2613
Indigo,1415
Indigo,2320
Indigo,3568
Indigo,4807
Indigo,3443
Indigo,1782
Indigo,168
Indigo,3640
Indigo,2900
Indigo,821
Indigo,4393
Indigo,619
Indigo,2567
Indigo,2776
Indigo,2591
Indigo,4808
Indigo,2326
Indigo,3595
Indigo,315
Indigo,3799
Indigo,4833
Indigo,2735
Indigo,2897
Indigo,1606
Indigo,2047
Indigo,4444
Indigo,3594
Indigo,2088
Indigo,2221
Indigo,2977
Indigo,2895
Indigo,2058
Indigo,754
Indigo,1448
Indigo,4295
Indigo,4816
Indigo,2774
Indigo,1223
Indigo,2502
Indigo,3969
Indigo,3484
Indigo,290
Indigo,3989
Indigo,4226
Indigo,288
Indigo,4742
Indigo,2635
Indigo,1109
Indigo,4743
Indigo,3782
Indigo,2698
Indigo,3080
Indigo,4819
Indigo,4820
Indigo,1871
Indigo,1668
Indigo,3524
Indigo,1472
Indigo,4455
Indigo,785
Indigo,2109
Indigo,4012
Indigo,916
Indigo,2987
Indigo,2888
Indigo,3767
Indigo,985
Indigo,3004
Indigo,659
Indigo,116
Indigo,2976
Indigo,2799
Indigo,2975
Indigo,4290
Indigo,2644
Indigo,4325
Indigo,4063
Indigo,114
Indigo,4459
Indigo,4926
Indigo,541
Indigo,925
Indigo,926
Indigo,2509
Indigo,174
Indigo,2435
Indigo,2748
Indigo,3046
Indigo,3585
Indigo,1129
Indigo,3687
Indigo,1506
Indigo,2592
Indigo,2885
Indigo,2057
Indigo,4059
Indigo,2700
Indigo,751
Indigo,2513
Indigo,3967
Indigo,52
Indigo,1136
Indigo,3570
Indigo,1743
Indigo,4876
Indigo,2782
Khaki,647
Khaki,2810
Khaki,2659
Khaki,2737
Khaki,2685
Khaki,2691
Khaki,2727
Khaki,4877
Khaki,158
Khaki,4868
Khaki,4867
Khaki,190
Khaki,4828
Khaki,4823
Khaki,218
Khaki,4813
Khaki,230
Khaki,232
Khaki,239
Khaki,4763
Khaki,4760
Khaki,4755
Khaki,4749
Khaki,289
Khaki,292
Khaki,4734
Khaki,4727
Khaki,4712
Khaki,333
Khaki,337
Khaki,4688
Khaki,369
Khaki,379
Khaki,384
Khaki,385
Khaki,4658
Khaki,400
Khaki,404
Khaki,4622
Khaki,436
Khaki,4615
Khaki,4593
Khaki,4573
Khaki,4563
Khaki,4558
Khaki,21
Khaki,4542
Khaki,4539
Khaki,4533
Khaki,4532
Khaki,531
Khaki,533
Khaki,4522
Khaki,567
Khaki,4487
Khaki,579
Khaki,583
Khaki,4476
Khaki,621
Khaki,4425
Khaki,660
Khaki,4415
Khaki,666
Khaki,4406
Khaki,682
Khaki,695
Khaki,4391
Khaki,699
Khaki,708
Khaki,710
Khaki,711
Khaki,4384
Khaki,4380
Khaki,4371
Khaki,4368
Khaki,730
Khaki,4363
Khaki,744
Khaki,4351
Khaki,762
Khaki,773
Khaki,788
Khaki,4302
Khaki,814
Khaki,4298
Khaki,4288
Khaki,855
Khaki,39
Khaki,4260
Khaki,886
Khaki,892
Khaki,4228
Khaki,4214
Khaki,941
Khaki,4200
Khaki,955
Khaki,959
Khaki,975
Khaki,977
Khaki,984
Khaki,999
Khaki,4170
Khaki,1009
Khaki,1013
Khaki,4162
Khaki,4142
Khaki,4135
Khaki,1058
Khaki,1059
Khaki,1078
Khaki,4094
Khaki,1091
Khaki,48
Khaki,4078
Khaki,4065
Khaki,1133
Khaki,4056
Khaki,4962
Khaki,1143
Khaki,1155
Khaki,4025
Khaki,1183
Khaki,1203
Khaki,1229
Khaki,1230
Khaki,1256
Khaki,3962
Khaki,3953
Khaki,1284
Khaki,1304
Khaki,1322
Khaki,3907
Khaki,1332
Khaki,3906
Khaki,3893
Khaki,1373
Khaki,3870
Khaki,1389
Khaki,3849
Khaki,1408
Khaki,1416
Khaki,3795
Khaki,1463
Khaki,3781
Khaki,3780
Khaki,1471
Khaki,3770
Khaki,1478
Khaki,3766
Khaki,3746
Khaki,1507
Khaki,1513
Khaki,3721
Khaki,3719
Khaki,3711
Khaki,3707
Khaki,1548
Khaki,1561
Khaki,1593
Khaki,1605
Khaki,1615
Khaki,1657
Khaki,1671
Khaki,1678
Khaki,1698
Khaki,3556
Khaki,1713
Khaki,1725
Khaki,3527
Khaki,3501
Khaki,1762
Khaki,1794
Khaki,78
Khaki,1831
Khaki,3449
Khaki,1840
Khaki,3442
Khaki,1853
Khaki,3429
Khaki,3419
Khaki,1864
Khaki,3409
Khaki,4943
Khaki,1906
Khaki,3382
Khaki,1911
Khaki,3379
Khaki,81
Khaki,3362
Khaki,1933
Khaki,1936
Khaki,3356
Khaki,3344
Khaki,1950
Khaki,1970
Khaki,3309
Khaki,3305
Khaki,3304
Khaki,1999
Khaki,3285
Khaki,3280
Khaki,2012
Khaki,3278
Khaki,2035
Khaki,2037
Khaki,4939
Khaki,3168
Khaki,2117
Khaki,2118
Khaki,2124
Khaki,2129
Khaki,3152
Khaki,3148
Khaki,2143
Khaki,2153
Khaki,3133
Khaki,2201
Khaki,2202
Khaki,3105
Khaki,2214
Khaki,2220
Khaki,2249
Khaki,3066
Khaki,2262
Khaki,3044
Khaki,2284
Khaki,2312
Khaki,2314
Khaki,2316
Khaki,2321
Khaki,2998
Khaki,2362
Khaki,2364
Khaki,2369
Khaki,2370
Khaki,2965
Khaki,2964
Khaki,2415
Khaki,2950
Khaki,2425
Khaki,2946
Khaki,2934
Khaki,2928
Khaki,4922
Khaki,2487
Khaki,2490
Khaki,2499
Khaki,4921
Khaki,2860
Khaki,2850
Khaki,2551
Khaki,2552
Khaki,2570
Khaki,2818
Khaki,4907
Khaki,2583
Maroon,4863
Maroon,2328
Maroon,4241
Maroon,1285
Maroon,3188
Maroon,1282
Maroon,4255
Maroon,4256
Maroon,1469
Maroon,3779
Maroon,1267
Maroon,852
Maroon,851
Maroon,4279
Maroon,1264
Maroon,1263
Maroon,2056
Maroon,1259
Maroon,817
Maroon,55
Maroon,36
Maroon,1462
Maroon,2196
Maroon,1246
Maroon,789
Maroon,4318
Maroon,4321
Maroon,4322
Maroon,769
Maroon,767
Maroon,3562
Maroon,2199
Maroon,3565
Maroon,2545
Maroon,163
Maroon,1238
Maroon,2984
Maroon,132
Maroon,742
Maroon,732
Maroon,1231
Maroon,1228
Maroon,3993
Maroon,3995
Maroon,4379
Maroon,162
Maroon,4001
Maroon,4002
Maroon,4392
Maroon,2376
Maroon,1194
Maroon,694
Maroon,3164
Maroon,4903
Maroon,685
Maroon,4403
Maroon,1750
Maroon,1446
Maroon,1440
Maroon,2218
Maroon,3094
Maroon,3534
Maroon,642
Maroon,70
Maroon,4430
Maroon,4434
Maroon,4977
Maroon,3650
Maroon,1174
Maroon,4449
Maroon,3162
Maroon,4033
Maroon,3664
Maroon,606
Maroon,4457
Maroon,1157
Maroon,1581
Maroon,2048
Maroon,1151
Maroon,2668
Maroon,1149
Maroon,25
Maroon,3492
Maroon,4472
Maroon,2064
Maroon,1397
Maroon,588
Maroon,1116
Maroon,1115
Maroon,585
Maroon,1717
Maroon,50
Maroon,3149
Maroon,1102
Maroon,4481
Maroon,1575
Maroon,1571
Maroon,566
Maroon,2137
Maroon,1085
Maroon,4499
Maroon,555
Maroon,4099
Maroon,552
Maroon,544
Maroon,542
Maroon,109
Maroon,3859
Maroon,4511
Maroon,536
Maroon,3684
Maroon,3070
Maroon,3147
Maroon,2141
Maroon,1550
Maroon,514
Maroon,4540
Maroon,2092
Maroon,3231
Maroon,4555
Maroon,1670
Maroon,2448
Maroon,3871
Maroon,2817
Maroon,1755
Maroon,461
Maroon,3718
Maroon,4132
Maroon,4592
Maroon,1366
Maroon,4141
Maroon,3883
Maroon,4614
Maroon,2588
Maroon,2461
Maroon,1032
Maroon,4150
Maroon,2052
Maroon,4631
Maroon,2466
Maroon,2467
Maroon,3892
Maroon,2469
Maroon,1661
Maroon,412
Maroon,3591
Maroon,3897
Maroon,390
Maroon,4657
Maroon,2156
Maroon,2477
Maroon,367
Maroon,362
Maroon,4669
Maroon,1012
Maroon,3724
Maroon,3137
Maroon,4692
Maroon,2902
Maroon,2756
Maroon,2654
Maroon,2488
Maroon,3728
Maroon,2828
Maroon,328
Maroon,994
Maroon,3135
Maroon,991
Maroon,4735
Maroon,2894
Maroon,3903
Maroon,297
Maroon,2790
Maroon,296
Maroon,1510
Maroon,4737
Maroon,2280
Maroon,4745
Maroon,274
Maroon,270
Maroon,269
Maroon,982
Maroon,257
Maroon,4179
Maroon,250
Maroon,2717
Maroon,4770
Maroon,4774
Maroon,3904
Maroon,1337
Maroon,4181
Maroon,217
Maroon,1328
Maroon,4184
Maroon,206
Maroon,4826
Maroon,203
Maroon,3328
Maroon,1973
Maroon,966
Maroon,1324
Maroon,1941
Maroon,3511
Maroon,4190
Maroon,950
Maroon,1323
Maroon,934
Maroon,3519
Maroon,1918
Maroon,931
Maroon,1913
Maroon,4969
Maroon,1910
Maroon,4213
Maroon,3383
Maroon,1900
Maroon,3009
Maroon,2301
Maroon,2170
Maroon,919
Maroon,2304
Maroon,3398
Maroon,2001
Maroon,3007
Maroon,3006
Maroon,1880
Maroon,918
Maroon,4991
Maroon,915
Maroon,1313
Maroon,2861
Maroon,1502
Maroon,64
Maroon,2618
Maroon,3441
Maroon,3923
Maroon,901
Maroon,4910
Maroon,3463
Maroon,87
Maroon,1308
Maroon,1307
Maroon,3115
Maroon,4237
Maroon,890
Maroon,1486
Maroon,3262
Maroon,1482
Maroon,2055
Maroon,2181
Maroon,885
Maroon,1791
Maroon,1780
Maroon,1779
Maroon,3486
Maroon,3934
Maroon,3935
Maroon,4239
Mauv,4846
Mauv,3371
Mauv,3374
Mauv,1912
Mauv,1992
Mauv,3294
Mauv,1895
Mauv,1997
Mauv,1893
Mauv,4847
Mauv,1883
Mauv,2003
Mauv,1867
Mauv,3422
Mauv,3424
Mauv,1850
Mauv,1848
Mauv,3455
Mauv,4854
Mauv,3273
Mauv,1812
Mauv,1809
Mauv,1806
Mauv,2022
Mauv,1804
Mauv,3263
Mauv,3258
Mauv,3471
Mauv,3476
Mauv,3256
Mauv,2034
Mauv,4861
Mauv,1769
Mauv,1761
Mauv,74
Mauv,3245
Mauv,3525
Mauv,1721
Mauv,1709
Mauv,1704
Mauv,2054
Mauv,3569
Mauv,3237
Mauv,1684
Mauv,3584
Mauv,1672
Mauv,3587
Mauv,3590
Mauv,1656
Mauv,1654
Mauv,1649
Mauv,3617
Mauv,1618
Mauv,3215
Mauv,3638
Mauv,3646
Mauv,3648
Mauv,2084
Mauv,3198
Mauv,2086
Mauv,119
Mauv,3702
Mauv,1533
Mauv,1529
Mauv,1521
Mauv,1518
Mauv,2099
Mauv,3740
Mauv,1503
Mauv,3774
Mauv,1467
Mauv,4871
Mauv,2116
Mauv,1450
Mauv,1433
Mauv,161
Mauv,3817
Mauv,3818
Mauv,1402
Mauv,160
Mauv,3842
Mauv,4994
Mauv,3851
Mauv,154
Mauv,91
Mauv,3865
Mauv,1379
Mauv,2852
Mauv,3145
Mauv,2145
Mauv,3143
Mauv,3879
Mauv,1360
Mauv,142
Mauv,4938
Mauv,1345
Mauv,1344
Mauv,2544
Mauv,2167
Mauv,3910
Mauv,58
Mauv,3917
Mauv,1305
Mauv,4961
Mauv,3930
Mauv,1283
Mauv,1280
Mauv,3957
Mauv,1261
Mauv,1247
Mauv,3970
Mauv,3983
Mauv,4891
Mauv,1209
Mauv,1193
Mauv,4018
Mauv,3096
Mauv,4020
Mauv,2802
Mauv,1181
Mauv,1176
Mauv,4032
Mauv,1163
Mauv,4045
Mauv,1152
Mauv,4049
Mauv,4062
Mauv,1121
Mauv,4073
Mauv,1104
Mauv,4083
Mauv,4086
Mauv,1093
Mauv,4100
Mauv,4104
Mauv,2716
Mauv,46
Mauv,2813
Mauv,1070
Mauv,4931
Mauv,45
Mauv,4115
Mauv,4116
Mauv,4122
Mauv,4
Mauv,2261
Mauv,1028
Mauv,1025
Mauv,1020
Mauv,4161
Mauv,2269
Mauv,3051
Mauv,2272
Mauv,4166
Mauv,4169
Mauv,993
Mauv,4178
Mauv,983
Mauv,2724
Mauv,973
Mauv,3035
Mauv,4187
Mauv,964
Mauv,4207
Mauv,3011
Mauv,921
Mauv,4221
Mauv,4225
Mauv,4227
Mauv,2732
Mauv,4234
Mauv,2846
Mauv,2317
Mauv,887
Mauv,2688
Mauv,2322
Mauv,3001
Mauv,2325
Mauv,884
Mauv,4242
Mauv,875
Mauv,4250
Mauv,2335
Mauv,2738
Mauv,4271
Mauv,4281
Mauv,833
Mauv,830
Mauv,4293
Mauv,810
Mauv,798
Mauv,4973
Mauv,4975
Mauv,33
Mauv,760
Mauv,4343
Mauv,747
Mauv,2361
Mauv,2678
Mauv,2845
Mauv,4378
Mauv,722
Mauv,2740
Mauv,2751
Mauv,720
Mauv,4386
Mauv,4976
Mauv,105
Mauv,4395
Mauv,4402
Mauv,4404
Mauv,672
Mauv,657
Mauv,2386
Mauv,4419
Mauv,2388
Mauv,2390
Mauv,623
Mauv,4443
Mauv,4452
Mauv,2969
Mauv,2968
Mauv,4460
Mauv,600
Mauv,2564
Mauv,4461
Mauv,4463
Mauv,593
Mauv,4475
Mauv,2412
Mauv,587
Mauv,2566
Mauv,2951
Mauv,4477
Mauv,2667
Mauv,581
Mauv,2422
Mauv,4485
Mauv,2754
Mauv,4490
Mauv,554
Mauv,2835
Mauv,4525
Mauv,2438
Mauv,4530
Mauv,2944
Mauv,517
Mauv,20
Mauv,4546
Mauv,493
Mauv,487
Mauv,4581
Mauv,2832
Mauv,4590
Mauv,453
Mauv,4609
Mauv,2458
Mauv,433
Mauv,429
Mauv,4620
Mauv,420
Mauv,4632
Mauv,4635
Mauv,4646
Mauv,4652
Mauv,387
Mauv,354
Mauv,2482
Mauv,4683
Mauv,2489
Mauv,4705
Mauv,321
Mauv,4732
Mauv,303
Mauv,294
Mauv,281
Mauv,265
Mauv,254
Mauv,2879
Mauv,240
Mauv,2516
Mauv,224
Mauv,2791
Mauv,4825
Mauv,3336
Mauv,1945
Mauv,4834
Mauv,3355
Mauv,4941
Mauv,4840
Orange,1251
Orange,63
Orange,72
Orange,97
Orange,129
Orange,157
Orange,182
Orange,185
Orange,277
Orange,298
Orange,301
Orange,334
Orange,336
Orange,363
Orange,395
Orange,407
Orange,416
Orange,426
Orange,462
Orange,497
Orange,501
Orange,503
Orange,504
Orange,559
Orange,596
Orange,612
Orange,616
Orange,629
Orange,631
Orange,701
Orange,705
Orange,757
Orange,766
Orange,794
Orange,797
Orange,804
Orange,822
Orange,843
Orange,857
Orange,873
Orange,923
Orange,930
Orange,932
Orange,987
Orange,1068
Orange,1072
Orange,1089
Orange,1092
Orange,1098
Orange,1111
Orange,1131
Orange,1135
Orange,1140
Orange,1141
Orange,1254
Orange,1270
Orange,1300
Orange,1312
Orange,1365
Orange,1382
Orange,1413
Orange,1445
Orange,1476
Orange,1488
Orange,1493
Orange,1500
Orange,1537
Orange,1568
Orange,1635
Orange,1685
Orange,1706
Orange,1715
Orange,1720
Orange,1749
Orange,1751
Orange,1783
Orange,1807
Orange,1815
Orange,1888
Orange,1894
Orange,1916
Orange,1931
Orange,1948
Orange,1960
Orange,1963
Orange,1971
Orange,2018
Orange,2027
Orange,2087
Orange,2089
Orange,2136
Orange,2154
Orange,2188
Orange,2206
Orange,2247
Orange,2253
Orange,2259
Orange,2291
Orange,2303
Orange,2319
Orange,2324
Orange,2334
Orange,2337
Orange,2366
Orange,2377
Orange,2380
Orange,2402
Orange,2423
Orange,2433
Orange,2472
Orange,2475
Orange,2481
Orange,2486
Orange,2508
Orange,2519
Orange,2520
Orange,2525
Orange,2531
Orange,2534
Orange,2556
Orange,2562
Orange,2573
Orange,2582
Orange,2621
Orange,2643
Orange,2655
Orange,2715
Orange,2720
Orange,2757
Orange,2780
Orange,2798
Orange,2800
Orange,2804
Orange,2837
Orange,2840
Orange,2857
Orange,2869
Orange,2877
Orange,2881
Orange,2884
Orange,2886
Orange,2887
Orange,2893
Orange,2916
Orange,2924
Orange,2936
Orange,2948
Orange,2995
Orange,3008
Orange,3032
Orange,3037
Orange,3050
Orange,3065
Orange,3076
Orange,3077
Orange,3081
Orange,3146
Orange,3151
Orange,3154
Orange,3209
Orange,3212
Orange,3218
Orange,3234
Orange,3236
Orange,3244
Orange,3255
Orange,3260
Orange,3270
Orange,3275
Orange,3276
Orange,3277
Orange,3281
Orange,3282
Orange,3287
Orange,3316
Orange,3340
Orange,3345
Orange,3353
Orange,3401
Orange,3433
Orange,3446
Orange,3516
Orange,3539
Orange,3581
Orange,3586
Orange,3609
Orange,3612
Orange,3695
Orange,3697
Orange,3747
Orange,3760
Orange,3771
Orange,3802
Orange,3815
Orange,3847
Orange,3854
Orange,3858
Orange,3872
Orange,3886
Orange,3911
Orange,3939
Orange,3941
Orange,3949
Orange,3979
Orange,3994
Orange,4023
Orange,4052
Orange,4079
Orange,4089
Orange,4107
Orange,4121
Orange,4153
Orange,4175
Orange,4186
Orange,4203
Orange,4215
Orange,4266
Orange,4323
Orange,4330
Orange,4338
Orange,4341
Orange,4360
Orange,4433
Orange,4445
Orange,4448
Orange,4473
Orange,4508
Orange,4520
Orange,4537
Orange,4547
Orange,4550
Orange,4552
Orange,4571
Orange,4586
Orange,4608
Orange,4624
Orange,4673
Orange,4696
Orange,4699
Orange,4701
Orange,4710
Orange,4723
Orange,4725
Orange,4753
Orange,4758
Orange,4776
Orange,4786
Orange,4789
Orange,4809
Orange,4865
Orange,4885
Orange,4889
Orange,4912
Orange,4919
Orange,4925
Orange,4960
Orange,4981
Pink,519
Pink,4370
Pink,2444
Pink,3518
Pink,3521
Pink,3523
Pink,14
Pink,1487
Pink,3952
Pink,3529
Pink,5
Pink,3533
Pink,1729
Pink,978
Pink,4747
Pink,4177
Pink,1524
Pink,276
Pink,3544
Pink,282
Pink,3551
Pink,4157
Pink,2872
Pink,2226
Pink,4131
Pink,1699
Pink,3566
Pink,3567
Pink,1696
Pink,1695
Pink,3571
Pink,1051
Pink,1687
Pink,3884
Pink,306
Pink,2744
Pink,2743
Pink,311
Pink,4124
Pink,2809
Pink,68
Pink,4731
Pink,1667
Pink,2742
Pink,4729
Pink,1659
Pink,1083
Pink,4096
Pink,1094
Pink,3599
Pink,1643
Pink,4082
Pink,4080
Pink,3881
Pink,4069
Pink,3613
Pink,2957
Pink,1123
Pink,4058
Pink,4054
Pink,3772
Pink,3620
Pink,4053
Pink,4050
Pink,1161
Pink,3629
Pink,2517
Pink,1614
Pink,1169
Pink,4027
Pink,1607
Pink,4026
Pink,3644
Pink,3647
Pink,3649
Pink,1598
Pink,4713
Pink,4009
Pink,1197
Pink,1204
Pink,1586
Pink,2175
Pink,1580
Pink,4706
Pink,3946
Pink,1221
Pink,2679
Pink,4700
Pink,1236
Pink,5000
Pink,3125
Pink,4694
Pink,4691
Pink,2165
Pink,1374
Pink,3980
Pink,2512
Pink,2155
Pink,4882
Pink,4679
Pink,3783
Pink,349
Pink,1461
Pink,3945
Pink,2132
Pink,3868
Pink,1279
Pink,133
Pink,2795
Pink,3156
Pink,3158
Pink,2625
Pink,3791
Pink,2510
Pink,3863
Pink,1281
Pink,394
Pink,3853
Pink,3182
Pink,3183
Pink,401
Pink,4638
Pink,170
Pink,151
Pink,92
Pink,1396
Pink,4634
Pink,2723
Pink,418
Pink,4979
Pink,431
Pink,2785
Pink,3835
Pink,3834
Pink,438
Pink,2080
Pink,3206
Pink,4610
Pink,3210
Pink,2078
Pink,3213
Pink,4605
Pink,4602
Pink,449
Pink,3220
Pink,3942
Pink,2071
Pink,1426
Pink,459
Pink,4583
Pink,4579
Pink,4578
Pink,4576
Pink,471
Pink,2061
Pink,3693
Pink,3820
Pink,2043
Pink,475
Pink,1289
Pink,4559
Pink,4974
Pink,3819
Pink,4993
Pink,2979
Pink,4862
Pink,1296
Pink,2368
Pink,527
Pink,3734
Pink,2896
Pink,3272
Pink,3735
Pink,4488
Pink,3283
Pink,4486
Pink,2006
Pink,2492
Pink,2577
Pink,586
Pink,1996
Pink,2899
Pink,4873
Pink,2485
Pink,42
Pink,4849
Pink,192
Pink,1985
Pink,2637
Pink,2341
Pink,137
Pink,2996
Pink,4843
Pink,2336
Pink,4470
Pink,4468
Pink,2332
Pink,3317
Pink,2647
Pink,2773
Pink,2527
Pink,4839
Pink,4464
Pink,4462
Pink,3326
Pink,2563
Pink,3704
Pink,3705
Pink,1964
Pink,44
Pink,4436
Pink,2912
Pink,2649
Pink,3010
Pink,641
Pink,655
Pink,1310
Pink,1943
Pink,4423
Pink,4832
Pink,3354
Pink,4422
Pink,3682
Pink,1539
Pink,2821
Pink,3363
Pink,4399
Pink,3021
Pink,3023
Pink,2293
Pink,2289
Pink,696
Pink,3378
Pink,2538
Pink,702
Pink,707
Pink,1903
Pink,222
Pink,1902
Pink,227
Pink,4804
Pink,718
Pink,79
Pink,4801
Pink,2767
Pink,721
Pink,1892
Pink,4894
Pink,740
Pink,2922
Pink,4353
Pink,1886
Pink,4349
Pink,54
Pink,1873
Pink,4324
Pink,3040
Pink,57
Pink,233
Pink,235
Pink,4793
Pink,4304
Pink,4787
Pink,4289
Pink,838
Pink,842
Pink,1842
Pink,4278
Pink,3447
Pink,850
Pink,854
Pink,1835
Pink,4270
Pink,1249
Pink,1531
Pink,1819
Pink,866
Pink,3055
Pink,867
Pink,249
Pink,1811
Pink,3759
Pink,4253
Pink,3469
Pink,868
Pink,1803
Pink,2658
Pink,2257
Pink,1792
Pink,251
Pink,3062
Pink,2663
Pink,4768
Pink,3487
Pink,876
Pink,4762
Pink,1766
Pink,2664
Pink,4761
Pink,3497
Pink,3761
Pink,2248
Pink,4229
Pink,904
Pink,3506
Pink,4220
Pink,1353
Pink,259
Pink,2242
Pink,262
Pink,961
Puce,1504
Puce,2676
Puce,1188
Puce,2901
Puce,741
Puce,320
Puce,455
Puce,2068
Puce,4344
Puce,2459
Puce,4339
Puce,4800
Puce,2305
Puce,3413
Puce,771
Puce,3018
Puce,1872
Puce,2404
Puce,2806
Puce,3654
Puce,3420
Puce,2603
Puce,780
Puce,1536
Puce,1475
Puce,4309
Puce,77
Puce,4708
Puce,1961
Puce,1340
Puce,807
Puce,1854
Puce,3753
Puce,112
Puce,3947
Puce,823
Puce,1212
Puce,3901
Puce,3972
Puce,3360
Puce,2419
Puce,1846
Puce,1585
Puce,1841
Puce,4577
Puce,3445
Puce,4275
Puce,2709
Puce,4888
Puce,3303
Puce,3741
Puce,3669
Puce,1299
Puce,861
Puce,4780
Puce,2457
Puce,3742
Puce,4574
Puce,1343
Puce,1556
Puce,248
Puce,4261
Puce,3991
Puce,2171
Puce,2051
Puce,1225
Puce,473
Puce,3876
Puce,474
Puce,2408
Puce,3822
Puce,4693
Puce,214
Puce,1559
Puce,4934
Puce,872
Puce,1793
Puce,4908
Puce,3060
Puce,678
Puce,3480
Puce,4244
Puce,4815
Puce,2254
Puce,4243
Puce,343
Puce,635
Puce,4682
Puce,344
Puce,252
Puce,883
Puce,346
Puce,2607
Puce,4236
Puce,2521
Puce,3364
Puce,486
Puce,3312
Puce,4431
Puce,4231
Puce,2699
Puce,500
Puce,2144
Puce,908
Puce,2450
Puce,1757
Puce,1291
Puce,1459
Puce,1748
Puce,4216
Puce,4759
Puce,2135
Puce,4980
Puce,211
Puce,1358
Puce,686
Puce,2378
Puce,3789
Puce,509
Puce,1737
Puce,962
Puce,2286
Puce,3522
Puce,2496
Puce,1735
Puce,3157
Puce,2529
Puce,970
Puce,3392
Puce,3864
Puce,3703
Puce,2238
Puce,2540
Puce,523
Puce,380
Puce,3535
Puce,2119
Puce,3265
Puce,1728
Puce,2703
Puce,1719
Puce,3167
Puce,2115
Puce,1005
Puce,389
Puce,3545
Puce,2816
Puce,3547
Puce,1008
Puce,2788
Puce,1014
Puce,2701
Puce,1712
Puce,3553
Puce,4655
Puce,3086
Puce,4741
Puce,2939
Puce,4146
Puce,286
Puce,2229
Puce,1516
Puce,4940
Puce,3175
Puce,4527
Puce,1697
Puce,4650
Puce,3178
Puce,4647
Puce,200
Puce,1691
Puce,3181
Puce,1689
Puce,530
Puce,181
Puce,291
Puce,3022
Puce,1362
Puce,2918
Puce,2986
Puce,4509
Puce,40
Puce,4913
Puce,2107
Puce,201
Puce,4111
Puce,1398
Puce,4504
Puce,4850
Puce,2009
Puce,1662
Puce,1071
Puce,4396
Puce,4916
Puce,4098
Puce,603
Puce,4095
Puce,689
Puce,1097
Puce,437
Puce,2460
Puce,3769
Puce,4085
Puce,2634
Puce,4613
Puce,439
Puce,4951
Puce,2833
Puce,1110
Puce,4077
Puce,2426
Puce,571
Puce,102
Puce,604
Puce,3207
Puce,1120
Puce,3288
Puce,3828
Puce,2989
Puce,608
Puce,27
Puce,577
Puce,208
Puce,1144
Puce,1150
Puce,4720
Puce,317
Puce,2554
Puce,4038
Puce,3916
Puce,1622
Puce,2601
Puce,1995
Puce,4035
Puce,4595
Puce,3219
Puce,1610
Puce,589
Puce,1608
Puce,2074
Puce,2542
Puce,4022
Puce,2399
Puce,3643
Puce,4358
Purple,3680
Purple,3982
Purple,2729
Purple,3981
Purple,1563
Purple,3977
Purple,2725
Purple,1242
Purple,96
Purple,1245
Purple,1551
Purple,1257
Purple,1260
Purple,3959
Purple,3955
Purple,1534
Purple,3954
Purple,3717
Purple,1522
Purple,1520
Purple,1286
Purple,1511
Purple,2722
Purple,1309
Purple,3919
Purple,1501
Purple,2721
Purple,1319
Purple,3755
Purple,2966
Purple,3757
Purple,4942
Purple,1359
Purple,2714
Purple,3880
Purple,4879
Purple,3778
Purple,2827
Purple,167
Purple,3869
Purple,1381
Purple,1453
Purple,1452
Purple,2973
Purple,3836
Purple,1427
Purple,1425
Purple,1411
Purple,3825
Purple,2561
Purple,4866
Purple,2384
Purple,4857
Purple,4855
Purple,4852
Purple,2345
Purple,4841
Purple,4837
Purple,2526
Purple,2578
Purple,4835
Purple,199
Purple,2296
Purple,3015
Purple,3017
Purple,212
Purple,3028
Purple,221
Purple,3034
Purple,2285
Purple,4799
Purple,4792
Purple,236
Purple,4785
Purple,2273
Purple,2580
Purple,3052
Purple,2267
Purple,2867
Purple,2255
Purple,3069
Purple,4757
Purple,4880
Purple,3078
Purple,2870
Purple,2237
Purple,2222
Purple,302
Purple,2207
Purple,4728
Purple,4986
Purple,4724
Purple,319
Purple,4711
Purple,2177
Purple,4707
Purple,2514
Purple,3120
Purple,4698
Purple,330
Purple,341
Purple,4686
Purple,4678
Purple,352
Purple,4900
Purple,4874
Purple,4672
Purple,353
Purple,3153
Purple,366
Purple,4661
Purple,383
Purple,150
Purple,3171
Purple,4654
Purple,3174
Purple,2111
Purple,4637
Purple,410
Purple,413
Purple,414
Purple,3193
Purple,2555
Purple,3199
Purple,440
Purple,2073
Purple,2070
Purple,4582
Purple,144
Purple,2049
Purple,30
Purple,2045
Purple,4561
Purple,2036
Purple,4549
Purple,2030
Purple,4909
Purple,506
Purple,508
Purple,3261
Purple,2025
Purple,2495
Purple,2021
Purple,535
Purple,540
Purple,2494
Purple,560
Purple,576
Purple,3290
Purple,2903
Purple,591
Purple,1984
Purple,2565
Purple,1982
Purple,1981
Purple,592
Purple,2638
Purple,4467
Purple,117
Purple,3318
Purple,4466
Purple,595
Purple,609
Purple,3331
Purple,610
Purple,2911
Purple,4442
Purple,4438
Purple,637
Purple,2653
Purple,3350
Purple,1940
Purple,2471
Purple,661
Purple,667
Purple,1929
Purple,668
Purple,675
Purple,679
Purple,3368
Purple,687
Purple,3370
Purple,4394
Purple,690
Purple,143
Purple,3376
Purple,2470
Purple,1908
Purple,1905
Purple,2569
Purple,3388
Purple,3389
Purple,1897
Purple,3393
Purple,1891
Purple,113
Purple,764
Purple,772
Purple,1863
Purple,783
Purple,4310
Purple,792
Purple,4307
Purple,801
Purple,3432
Purple,4294
Purple,831
Purple,1849
Purple,4264
Purple,4263
Purple,863
Purple,2926
Purple,1818
Purple,1816
Purple,3465
Purple,1805
Purple,3473
Purple,2761
Purple,874
Purple,2755
Purple,1790
Purple,3483
Purple,1775
Purple,880
Purple,4238
Purple,1765
Purple,899
Purple,2669
Purple,2671
Purple,1745
Purple,928
Purple,937
Purple,4210
Purple,4208
Purple,954
Purple,4188
Purple,1733
Purple,3528
Purple,2937
Purple,3537
Purple,1718
Purple,1716
Purple,4167
Purple,3549
Purple,4155
Purple,1034
Purple,4144
Purple,4143
Purple,3561
Purple,4134
Purple,1686
Purple,1053
Purple,2747
Purple,4127
Purple,1055
Purple,1056
Purple,103
Purple,3589
Purple,2440
Purple,2437
Purple,1638
Purple,3619
Purple,3625
Purple,1153
Purple,1164
Purple,1620
Purple,1187
Purple,4013
Purple,1597
Purple,3653
Purple,1195
Purple,1196
Purple,1198
Purple,2949
Purple,1583
Purple,4948
Purple,3668
Purple,1220
Purple,2952
Purple,2731
Purple,3676
Purple,1239
Purple,1570
Red,2842
Red,2549
Red,2546
Red,2532
Red,149
Red,2505
Red,2890
Red,2503
Red,2483
Red,2473
Red,2910
Red,2464
Red,2938
Red,2434
Red,2963
Red,2396
Red,2394
Red,2387
Red,2990
Red,3000
Red,3002
Red,3005
Red,2306
Red,3019
Red,2270
Red,2260
Red,2250
Red,2240
Red,3079
Red,3084
Red,2228
Red,3097
Red,2200
Red,2198
Red,3111
Red,3112
Red,2172
Red,2161
Red,3138
Red,2151
Red,2140
Red,3155
Red,2128
Red,2126
Red,3166
Red,2114
Red,3187
Red,2091
Red,2085
Red,3202
Red,2077
Red,123
Red,120
Red,2024
Red,3271
Red,4914
Red,4917
Red,1990
Red,1989
Red,1987
Red,3299
Red,3301
Red,1983
Red,3307
Red,3311
Red,3319
Red,1976
Red,3327
Red,1966
Red,1965
Red,1958
Red,1956
Red,3348
Red,115
Red,3375
Red,1914
Red,3384
Red,3386
Red,3394
Red,3395
Red,3403
Red,1881
Red,3448
Red,1822
Red,3458
Red,1802
Red,3474
Red,3479
Red,3485
Red,3495
Red,3498
Red,1760
Red,1758
Red,3517
Red,3530
Red,3531
Red,3532
Red,3557
Red,3577
Red,3579
Red,1682
Red,1663
Red,1642
Red,3605
Red,1640
Red,3610
Red,3645
Red,1588
Red,3663
Red,3672
Red,3673
Red,3675
Red,1566
Red,1565
Red,1558
Red,3714
Red,3723
Red,3725
Red,3729
Red,3737
Red,3745
Red,4933
Red,1497
Red,3750
Red,3756
Red,4935
Red,3773
Red,3776
Red,3777
Red,1466
Red,1464
Red,1451
Red,1437
Red,3813
Red,93
Red,3816
Red,1419
Red,3823
Red,1403
Red,1399
Red,3843
Red,89
Red,1388
Red,3862
Red,1354
Red,3899
Red,1339
Red,1320
Red,1315
Red,3914
Red,3921
Red,1290
Red,3973
Red,1240
Red,1227
Red,1217
Red,4008
Red,1190
Red,4017
Red,1186
Red,1180
Red,1168
Red,4041
Red,1160
Red,1146
Red,1139
Red,1138
Red,1126
Red,1125
Red,4066
Red,1106
Red,1082
Red,1076
Red,1060
Red,4138
Red,1030
Red,1027
Red,1021
Red,1000
Red,998
Red,971
Red,4183
Red,4189
Red,952
Red,948
Red,933
Red,910
Red,4223
Red,869
Red,4257
Red,4259
Red,860
Red,859
Red,858
Red,820
Red,819
Red,800
Red,4313
Red,777
Red,775
Red,763
Red,756
Red,748
Red,4348
Red,738
Red,4965
Red,4365
Red,729
Red,4372
Red,4374
Red,4375
Red,713
Red,698
Red,4397
Red,4401
Red,4410
Red,633
Red,4447
Red,4454
Red,575
Red,564
Red,563
Red,558
Red,4505
Red,543
Red,4514
Red,4519
Red,534
Red,529
Red,515
Red,37
Red,499
Red,4548
Red,4553
Red,485
Red,4562
Red,477
Red,465
Red,28
Red,463
Red,4591
Red,458
Red,4598
Red,4601
Red,444
Red,442
Red,419
Red,4641
Red,386
Red,340
Red,23
Red,4703
Red,326
Red,324
Red,4709
Red,4721
Red,293
Red,278
Red,272
Red,4765
Red,4766
Red,245
Red,4777
Red,242
Red,4990
Red,238
Red,4794
Red,4795
Red,4797
Red,4814
Red,215
Red,213
Red,4824
Red,4827
Red,177
Red,2711
Red,2695
Red,2687
Red,2681
Red,2680
Red,2741
Red,2657
Red,2766
Red,2781
Red,2783
Red,155
Red,2605
Red,2803
Red,2836
Teal,3411
Teal,118
Teal,4702
Teal,1069
Teal,2557
Teal,1499
Teal,4521
Teal,4697
Teal,95
Teal,329
Teal,1191
Teal,1314
Teal,520
Teal,3259
Teal,511
Teal,3128
Teal,4118
Teal,2889
Teal,3252
Teal,4551
Teal,175
Teal,2149
Teal,2134
Teal,4564
Teal,4670
Teal,2630
Teal,3242
Teal,3582
Teal,4667
Teal,2060
Teal,3576
Teal,464
Teal,2622
Teal,2620
Teal,3225
Teal,124
Teal,3172
Teal,2796
Teal,2076
Teal,446
Teal,4604
Teal,4645
Teal,127
Teal,130
Teal,4136
Teal,2083
Teal,3186
Teal,4617
Teal,2110
Teal,4139
Teal,4621
Teal,4140
Teal,4633
Teal,1233
Teal,4629
Teal,3887
Teal,1703
Teal,1480
Teal,1705
Teal,4149
Teal,1479
Teal,4151
Teal,2954
Teal,4154
Teal,1710
Teal,3554
Teal,1018
Teal,2710
Teal,3878
Teal,3550
Teal,3548
Teal,1714
Teal,1185
Teal,3641
Teal,990
Teal,1455
Teal,980
Teal,3860
Teal,2690
Teal,4182
Teal,2385
Teal,1386
Teal,2360
Teal,965
Teal,4853
Teal,3520
Teal,1438
Teal,3845
Teal,1278
Teal,951
Teal,4201
Teal,1177
Teal,2571
Teal,3844
Teal,4029
Teal,1170
Teal,1401
Teal,920
Teal,3677
Teal,3838
Teal,1756
Teal,4222
Teal,3804
Teal,909
Teal,3503
Teal,907
Teal,1759
Teal,1
Teal,1763
Teal,3716
Teal,1404
Teal,893
Teal,3628
Teal,1774
Teal,1423
Teal,1623
Teal,4248
Teal,2705
Teal,1156
Teal,4845
Teal,1813
Teal,4844
Teal,1576
Teal,1817
Teal,1821
Teal,196
Teal,198
Teal,4892
Teal,3012
Teal,3720
Teal,3014
Teal,4274
Teal,3666
Teal,1142
Teal,1218
Teal,836
Teal,2381
Teal,204
Teal,1633
Teal,3016
Teal,2575
Teal,3435
Teal,4055
Teal,4296
Teal,813
Teal,210
Teal,1856
Teal,1262
Teal,1287
Teal,2576
Teal,781
Teal,779
Teal,778
Teal,1294
Teal,3932
Teal,1865
Teal,4326
Teal,4812
Teal,4333
Teal,3325
Teal,758
Teal,226
Teal,2930
Teal,755
Teal,4803
Teal,4802
Teal,2451
Teal,746
Teal,745
Teal,3405
Teal,739
Teal,3400
Teal,1275
Teal,2287
Teal,4362
Teal,2523
Teal,2760
Teal,2278
Teal,3399
Teal,1303
Teal,4076
Teal,719
Teal,1901
Teal,241
Teal,3922
Teal,10
Teal,244
Teal,4773
Teal,1909
Teal,1641
Teal,1915
Teal,1917
Teal,2409
Teal,3603
Teal,3054
Teal,4771
Teal,3064
Teal,4400
Teal,2590
Teal,1101
Teal,681
Teal,3068
Teal,3602
Teal,1647
Teal,1935
Teal,656
Teal,1594
Teal,2598
Teal,1938
Teal,654
Teal,287
Teal,4427
Teal,1505
Teal,1595
Teal,4920
Teal,3743
Teal,4997
Teal,1090
Teal,3339
Teal,2217
Teal,2914
Teal,1651
Teal,308
Teal,312
Teal,3333
Teal,4451
Teal,1969
Teal,4453
Teal,316
Teal,1596
Teal,3102
Teal,601
Teal,2600
Teal,4718
Teal,3315
Teal,1084
Teal,4715
Teal,2191
Teal,2182
Teal,4478
Teal,4101
Teal,2004
Teal,2772
Teal,2518
Teal,2173
Teal,4492
Teal,4498
Teal,553
Teal,2956
Teal,4502
Teal,550
Teal,3963
Teal,73
Teal,1660
Teal,2016
Teal,4512
Teal,4513
Teal,2778
Turquoise,4316
Turquoise,172
Turquoise,599
Turquoise,17
Turquoise,4202
Turquoise,3323
Turquoise,3322
Turquoise,2584
Turquoise,3396
Turquoise,1979
Turquoise,3026
Turquoise,1655
Turquoise,2932
Turquoise,1652
Turquoise,3300
Turquoise,4474
Turquoise,3514
Turquoise,2180
Turquoise,582
Turquoise,3948
Turquoise,4984
Turquoise,3513
Turquoise,3512
Turquoise,1613
Turquoise,573
Turquoise,4988
Turquoise,2005
Turquoise,4102
Turquoise,3117
Turquoise,4915
Turquoise,268
Turquoise,2476
Turquoise,4491
Turquoise,61
Turquoise,2479
Turquoise,2010
Turquoise,3956
Turquoise,4496
Turquoise,1077
Turquoise,3417
Turquoise,2775
Turquoise,1590
Turquoise,3715
Turquoise,1250
Turquoise,1636
Turquoise,2515
Turquoise,2739
Turquoise,770
Turquoise,4507
Turquoise,2530
Turquoise,3274
Turquoise,2480
Turquoise,4224
Turquoise,3927
Turquoise,4331
Turquoise,715
Turquoise,3502
Turquoise,2815
Turquoise,903
Turquoise,4067
Turquoise,4110
Turquoise,4748
Turquoise,2931
Turquoise,43
Turquoise,2169
Turquoise,4992
Turquoise,1410
Turquoise,1879
Turquoise,3267
Turquoise,3266
Turquoise,3679
Turquoise,3829
Turquoise,521
Turquoise,1412
Turquoise,2595
Turquoise,2891
Turquoise,1061
Turquoise,2955
Turquoise,2847
Turquoise,1542
Turquoise,231
Turquoise,2028
Turquoise,3129
Turquoise,2163
Turquoise,2033
Turquoise,2160
Turquoise,4545
Turquoise,3083
Turquoise,35
Turquoise,3481
Turquoise,3478
Turquoise,3250
Turquoise,166
Turquoise,34
Turquoise,2158
Turquoise,2350
Turquoise,2834
Turquoise,4120
Turquoise,2148
Turquoise,2146
Turquoise,3248
Turquoise,2393
Turquoise,2040
Turquoise,6
Turquoise,1418
Turquoise,1422
Turquoise,4565
Turquoise,482
Turquoise,3033
Turquoise,1600
Turquoise,3470
Turquoise,4123
Turquoise,4416
Turquoise,1937
Turquoise,658
Turquoise,2662
Turquoise,2536
Turquoise,2062
Turquoise,374
Turquoise,2066
Turquoise,2127
Turquoise,470
Turquoise,1054
Turquoise,3751
Turquoise,3228
Turquoise,3407
Turquoise,1624
Turquoise,2442
Turquoise,865
Turquoise,4014
Turquoise,4859
Turquoise,1495
Turquoise,1352
Turquoise,2616
Turquoise,1211
Turquoise,1355
Turquoise,639
Turquoise,4596
Turquoise,2122
Turquoise,3169
Turquoise,3456
Turquoise,3678
Turquoise,1564
Turquoise,2308
Turquoise,4838
Turquoise,3453
Turquoise,2873
Turquoise,1040
Turquoise,405
Turquoise,2675
Turquoise,743
Turquoise,406
Turquoise,4611
Turquoise,3404
Turquoise,3185
Turquoise,1356
Turquoise,3402
Turquoise,1954
Turquoise,1922
Turquoise,3920
Turquoise,2697
Turquoise,1627
Turquoise,846
Turquoise,423
Turquoise,4829
Turquoise,3195
Turquoise,3189
Turquoise,3347
Turquoise,839
Turquoise,415
Turquoise,4070
Turquoise,1357
Turquoise,617
Turquoise,2820
Turquoise,4284
Turquoise,3726
Turquoise,1708
Turquoise,1232
Turquoise,1851
Turquoise,4287
Turquoise,1631
Turquoise,4071
Turquoise,1477
Turquoise,4072
Turquoise,1114
Turquoise,1024
Turquoise,255
Turquoise,1022
Turquoise,2730
Turquoise,3642
Turquoise,2216
Turquoise,1852
Turquoise,3098
Turquoise,4947
Turquoise,1010
Turquoise,4297
Turquoise,2933
Turquoise,3736
Turquoise,4021
Turquoise,1369
Turquoise,3727
Turquoise,82
Turquoise,3785
Turquoise,1375
Turquoise,3866
Turquoise,3101
Turquoise,4373
Turquoise,2363
Turquoise,3997
Turquoise,3428
Turquoise,1634
Turquoise,3918
Turquoise,1525
Turquoise,4822
Turquoise,4929
Turquoise,165
Turquoise,2290
Turquoise,787
Turquoise,3974
Turquoise,963
Turquoise,3423
Turquoise,2750
Turquoise,960
Turquoise,958
Turquoise,3515
Turquoise,3951
Turquoise,725
Turquoise,3608
Turquoise,2831
Turquoise,602
Violet,3696
Violet,3694
Violet,4864
Violet,1569
Violet,1226
Violet,3990
Violet,1573
Violet,3671
Violet,171
Violet,3659
Violet,4006
Violet,2974
Violet,3652
Violet,4011
Violet,1189
Violet,1601
Violet,2574
Violet,4024
Violet,2398
Violet,2967
Violet,3633
Violet,1166
Violet,4039
Violet,4044
Violet,2406
Violet,1630
Violet,4051
Violet,2702
Violet,1132
Violet,1119
Violet,1639
Violet,1100
Violet,4087
Violet,1095
Violet,4092
Violet,1088
Violet,1653
Violet,2413
Violet,1073
Violet,4112
Violet,4113
Violet,1066
Violet,1680
Violet,3583
Violet,1688
Violet,1701
Violet,1037
Violet,2728
Violet,1019
Violet,1016
Violet,3543
Violet,1002
Violet,2572
Violet,2830
Violet,1732
Violet,2683
Violet,953
Violet,4198
Violet,4958
Violet,4206
Violet,945
Violet,942
Violet,2417
Violet,3509
Violet,912
Violet,4219
Violet,3499
Violet,4233
Violet,891
Violet,877
Violet,1787
Violet,1798
Violet,2855
Violet,3468
Violet,2441
Violet,4258
Violet,1837
Violet,111
Violet,4276
Violet,3440
Violet,1847
Violet,4283
Violet,4285
Violet,829
Violet,827
Violet,2940
Violet,4300
Violet,2749
Violet,4305
Violet,799
Violet,3426
Violet,3425
Violet,1858
Violet,2666
Violet,1859
Violet,3414
Violet,1876
Violet,765
Violet,4350
Violet,159
Violet,736
Violet,4364
Violet,2660
Violet,4366
Violet,726
Violet,2453
Violet,2762
Violet,2763
Violet,724
Violet,716
Violet,697
Violet,3373
Violet,3372
Violet,684
Violet,3365
Violet,4407
Violet,3361
Violet,4411
Violet,4420
Violet,1942
Violet,651
Violet,4429
Violet,1944
Violet,47
Violet,634
Violet,628
Violet,2913
Violet,607
Violet,1974
Violet,594
Violet,1980
Violet,4480
Violet,2008
Violet,4495
Violet,4497
Violet,4501
Violet,2639
Violet,548
Violet,4996
Violet,4517
Violet,2904
Violet,4971
Violet,4524
Violet,4526
Violet,4529
Violet,3264
Violet,513
Violet,4536
Violet,496
Violet,4554
Violet,4556
Violet,2787
Violet,479
Violet,2042
Violet,2050
Violet,4906
Violet,467
Violet,3229
Violet,4883
Violet,4588
Violet,460
Violet,2067
Violet,2793
Violet,4594
Violet,2075
Violet,2611
Violet,2081
Violet,2082
Violet,428
Violet,424
Violet,421
Violet,2880
Violet,2094
Violet,408
Violet,3184
Violet,398
Violet,3179
Violet,4649
Violet,2113
Violet,393
Violet,3173
Violet,388
Violet,3165
Violet,373
Violet,371
Violet,360
Violet,2131
Violet,135
Violet,2147
Violet,347
Violet,4684
Violet,342
Violet,4881
Violet,339
Violet,4695
Violet,3123
Violet,4982
Violet,3122
Violet,153
Violet,322
Violet,2193
Violet,2204
Violet,4719
Violet,3104
Violet,4722
Violet,4726
Violet,2212
Violet,2219
Violet,3088
Violet,283
Violet,3085
Violet,136
Violet,271
Violet,4751
Violet,263
Violet,4898
Violet,2243
Violet,2246
Violet,256
Violet,2251
Violet,2812
Violet,4896
Violet,2586
Violet,2871
Violet,4895
Violet,4781
Violet,4782
Violet,4784
Violet,3047
Violet,8
Violet,2277
Violet,3043
Violet,2865
Violet,3041
Violet,3038
Violet,4893
Violet,223
Violet,2288
Violet,3029
Violet,220
Violet,3020
Violet,205
Violet,2826
Violet,2295
Violet,2307
Violet,197
Violet,2340
Violet,3812
Violet,3824
Violet,1424
Violet,2357
Violet,3837
Violet,1400
Violet,2358
Violet,1395
Violet,1393
Violet,1391
Violet,3855
Violet,1385
Violet,1383
Violet,1456
Violet,3873
Violet,1368
Violet,1481
Violet,3890
Violet,3754
Violet,1335
Violet,1330
Violet,1496
Violet,3913
Violet,2375
Violet,1302
Violet,3928
Violet,1508
Violet,1295
Violet,1509
Violet,1512
Violet,1514
Violet,3722
Violet,4946
Violet,1276
Violet,3710
Violet,1274
Violet,1541
Violet,1546
Violet,1243
Yellow,179
Yellow,662
Yellow,4414
Yellow,3895
Yellow,1927
Yellow,1489
Yellow,2768
Yellow,1044
Yellow,1348
Yellow,2372
Yellow,4897
Yellow,1494
Yellow,4756
Yellow,3072
Yellow,669
Yellow,3686
Yellow,3563
Yellow,1925
Yellow,4858
Yellow,3366
Yellow,4764
Yellow,1338
Yellow,2921
Yellow,1336
Yellow,3367
Yellow,3061
Yellow,2264
Yellow,2853
Yellow,1920
Yellow,703
Yellow,3637
Yellow,704
Yellow,1907
Yellow,2455
Yellow,1604
Yellow,717
Yellow,1049
Yellow,1683
Yellow,1318
Yellow,4783
Yellow,76
Yellow,2274
Yellow,723
Yellow,106
Yellow,4788
Yellow,3689
Yellow,2581
Yellow,1057
Yellow,727
Yellow,2283
Yellow,4367
Yellow,731
Yellow,1063
Yellow,1676
Yellow,3042
Yellow,3597
Yellow,4091
Yellow,2758
Yellow,4346
Yellow,753
Yellow,1884
Yellow,53
Yellow,4090
Yellow,4340
Yellow,75
Yellow,4963
Yellow,4810
Yellow,3031
Yellow,4332
Yellow,3690
Yellow,2524
Yellow,3606
Yellow,3738
Yellow,4329
Yellow,4320
Yellow,782
Yellow,1857
Yellow,4075
Yellow,3427
Yellow,3430
Yellow,824
Yellow,826
Yellow,1540
Yellow,1112
Yellow,3436
Yellow,1839
Yellow,202
Yellow,1838
Yellow,2961
Yellow,2673
Yellow,2300
Yellow,1832
Yellow,2941
Yellow,1192
Yellow,4999
Yellow,862
Yellow,1298
Yellow,2323
Yellow,1826
Yellow,1206
Yellow,3462
Yellow,4254
Yellow,2349
Yellow,191
Yellow,1420
Yellow,186
Yellow,870
Yellow,3976
Yellow,4249
Yellow,3811
Yellow,4247
Yellow,3616
Yellow,3488
Yellow,1771
Yellow,1124
Yellow,1430
Yellow,1767
Yellow,3493
Yellow,1406
Yellow,897
Yellow,3975
Yellow,138
Yellow,1431
Yellow,4936
Yellow,2962
Yellow,4217
Yellow,1740
Yellow,1272
Yellow,183
Yellow,3801
Yellow,1127
Yellow,946
Yellow,4197
Yellow,3800
Yellow,1434
Yellow,1271
Yellow,4944
Yellow,3940
Yellow,1390
Yellow,3852
Yellow,3
Yellow,1734
Yellow,2718
Yellow,62
Yellow,4628
Yellow,2097
Yellow,4626
Yellow,2098
Yellow,4625
Yellow,2093
Yellow,434
Yellow,3203
Yellow,4185
Yellow,4640
Yellow,2838
Yellow,2079
Yellow,2882
Yellow,1443
Yellow,3214
Yellow,4950
Yellow,3536
Yellow,4648
Yellow,1587
Yellow,2112
Yellow,396
Yellow,988
Yellow,107
Yellow,1519
Yellow,450
Yellow,2511
Yellow,3788
Yellow,2839
Yellow,65
Yellow,451
Yellow,3230
Yellow,378
Yellow,3232
Yellow,4664
Yellow,4174
Yellow,3787
Yellow,3239
Yellow,3160
Yellow,4173
Yellow,480
Yellow,1465
Yellow,1370
Yellow,483
Yellow,3249
Yellow,992
Yellow,3624
Yellow,4677
Yellow,491
Yellow,495
Yellow,2633
Yellow,2159
Yellow,2784
Yellow,2162
Yellow,3874
Yellow,2953
Yellow,2029
Yellow,2164
Yellow,1468
Yellow,1621
Yellow,507
Yellow,2026
Yellow,2841
Yellow,3127
Yellow,2019
Yellow,1015
Yellow,3124
Yellow,2491
Yellow,1367
Yellow,3775
Yellow,67
Yellow,4518
Yellow,4516
Yellow,1364
Yellow,2602
Yellow,2015
Yellow,565
Yellow,570
Yellow,3114
Yellow,4484
Yellow,3291
Yellow,3292
Yellow,1029
Yellow,1994
Yellow,1986
Yellow,3310
Yellow,1035
Yellow,4034
Yellow,3321
Yellow,1483
Yellow,3560
Yellow,597
Yellow,3763
Yellow,3324
Yellow,3103
Yellow,4456
Yellow,1036
Yellow,2771
Yellow,1968
Yellow,4031
Yellow,611
Yellow,3337
Yellow,614
Yellow,310
Yellow,3338
Yellow,4439
Yellow,3891
Yellow,1946
Yellow,2225
Yellow,652
Yellow,4137
Yellow,3087
Yellow,4133
Yellow,4421
