Adams,Antonio,483
Adams,Barbara,355
Adams,Brandon,1549
Adams,Carolyn,613
Adams,Christine,4098
Adams,Denise,2419
Adams,Earl,1267
Adams,George,841
Adams,Helen,2949
Adams,Jesse,950
Adams,Louis,3216
Adams,Maria,270
Adams,Nicole,4444
Adams,Robert,1908
Adams,Sean,4239
Adams,Teresa,444
Adams,Virginia,2896
Alexander,Alice,4339
Alexander,Annie,4603
Alexander,Earl,2657
Alexander,Elizabeth,3856
Alexander,Evelyn,4713
Alexander,Frank,4749
Alexander,Jason,3792
Alexander,Jeffrey,1719
Alexander,Julia,3350
Alexander,Kimberly,3835
Alexander,Nicole,3082
Alexander,Paul,3736
Alexander,Philip,408
Alexander,Sharon,2326
Alexander,Stephen,4511
Alexander,Steve,4216
Alexander,Virginia,3974
Alexander,Walter,3433
Alexander,Wayne,4522
Allen,Angela,1479
Allen,Ann,3501
Allen,Charles,3639
Allen,Clarence,595
Allen,Howard,2734
Allen,Irene,3938
Allen,Jack,2351
Allen,Jerry,2492
Allen,Jonathan,4867
Allen,Joseph,4469
Allen,Julie,4857
Allen,Katherine,4643
Allen,Lois,388
Allen,Patrick,3362
Allen,Raymond,4764
Allen,Ruby,3228
Allen,Samuel,3441
Allen,Samuel,745
Allen,Steven,3306
Allen,Virginia,3034
Allen,Wayne,4289
Alvarez,Amanda,1138
Alvarez,Brandon,840
Alvarez,Daniel,4265
Alvarez,Donna,4230
Alvarez,Earl,952
Alvarez,Eric,2222
Alvarez,Helen,4505
Alvarez,Helen,2537
Alvarez,Jane,619
Alvarez,Jesse,4285
Alvarez,Justin,1105
Alvarez,Justin,2557
Alvarez,Karen,84
Alvarez,Karen,3655
Alvarez,Katherine,1496
Alvarez,Kelly,2862
Alvarez,Martha,2533
Alvarez,Mildred,362
Alvarez,Nicole,812
Alvarez,Norma,1879
Alvarez,Virginia,1029
Alvarez,William,1169
Anderson,Andrea,2081
Anderson,Angela,1088
Anderson,Carolyn,3213
Anderson,David,4567
Anderson,Donna,2723
Anderson,Emily,365
Anderson,Henry,40
Anderson,Irene,3413
Anderson,Michael,4027
Anderson,Patricia,298
Anderson,Paul,4584
Anderson,Sara,1539
Anderson,Steven,1897
Anderson,Theresa,618
Anderson,Thomas,1176
Anderson,William,2305
Anderson,Willie,939
Andrews,Betty,579
Andrews,Carlos,3219
Andrews,Dennis,4885
Andrews,Diane,1652
Andrews,Ernest,1379
Andrews,Jason,1983
Andrews,Jeremy,2851
Andrews,Jessica,2629
Andrews,Jonathan,3755
Andrews,Jonathan,2017
Andrews,Kevin,4638
Andrews,Lawrence,4120
Andrews,Linda,3460
Andrews,Louis,3774
Andrews,Maria,774
Andrews,Patricia,1654
Andrews,Raymond,1000
Andrews,Sara,1510
Andrews,Stephen,1799
Armstrong,Adam,2546
Armstrong,Brenda,4276
Armstrong,Catherine,375
Armstrong,Charles,1756
Armstrong,Chris,426
Armstrong,Christine,4793
Armstrong,Emily,635
Armstrong,Gerald,1486
Armstrong,Harold,954
Armstrong,Maria,2304
Armstrong,Mary,4797
Armstrong,Philip,3517
Armstrong,Ruth,3566
Armstrong,Terry,3394
Arnold,Antonio,4966
Arnold,Barbara,4775
Arnold,Craig,1796
Arnold,Cynthia,4392
Arnold,David,3650
Arnold,Elizabeth,712
Arnold,Elizabeth,2959
Arnold,George,2518
Arnold,Henry,2912
Arnold,Irene,4842
Arnold,James,1913
Arnold,Janice,4395
Arnold,Jean,2612
Arnold,Lisa,4090
Arnold,Marilyn,3877
Arnold,Nicholas,2071
Arnold,Ralph,522
Arnold,Russell,3735
Arnold,Terry,2841
Arnold,Theresa,3356
Arnold,William,4690
Austin,Aaron,2344
Austin,Andrea,4069
Austin,Andrew,4531
Austin,Arthur,3041
Austin,Bonnie,1854
Austin,Catherine,1425
Austin,Craig,3992
Austin,Donald,2689
Austin,Doris,4822
Austin,Dorothy,1303
Austin,Frances,2637
Austin,Kathleen,308
Austin,Kathryn,1110
Austin,Kelly,1018
Austin,Kevin,4954
Austin,Louise,2598
Austin,Marilyn,4376
Austin,Martin,4959
Austin,Phillip,863
Austin,Ralph,1546
Austin,Robin,1807
Austin,Roger,1588
Austin,Ruby,3246
Austin,Timothy,2627
Bailey,Anne,3031
Bailey,Arthur,3227
Bailey,Bonnie,212
Bailey,Brenda,3555
Bailey,Carolyn,2872
Bailey,Christine,4440
Bailey,Diana,2178
Bailey,Diane,2104
Bailey,Dorothy,859
Bailey,Frances,3233
Bailey,Fred,1839
Bailey,Jean,4815
Bailey,Jean,2320
Bailey,Jeffrey,2455
Bailey,Jeremy,195
Bailey,Jeremy,4935
Bailey,Julie,2527
Bailey,Justin,3688
Bailey,Karen,1923
Bailey,Kathy,3977
Bailey,Keith,3847
Bailey,Kimberly,2748
Bailey,Michelle,2593
Bailey,Michelle,386
Bailey,Patricia,753
Bailey,Phillip,4304
Bailey,Rose,4528
Bailey,Samuel,4677
Bailey,Sean,2590
Bailey,Steve,2263
Bailey,Walter,2679
Baker,Carlos,133
Baker,Denise,1399
Baker,Earl,519
Baker,Earl,2214
Baker,Gerald,3539
Baker,Irene,4078
Baker,Jean,3193
Baker,Joshua,1525
Baker,Justin,2466
Baker,Karen,4943
Baker,Lillian,3892
Baker,Lillian,2321
Baker,Marie,2531
Baker,Nicole,2501
Baker,Roger,162
Baker,Ruth,332
Baker,Scott,3279
Baker,Sharon,2332
Baker,Teresa,4523
Baker,Theresa,90
Banks,Alan,1058
Banks,Amy,1875
Banks,Billy,3177
Banks,Bobby,3178
Banks,Brian,4009
Banks,David,2247
Banks,Eric,3851
Banks,Frank,3711
Banks,Heather,2570
Banks,Helen,2276
Banks,Jack,3452
Banks,Jessica,1789
Banks,Jonathan,1314
Banks,Marilyn,423
Banks,Robert,4827
Banks,Teresa,3371
Barnes,Antonio,4180
Barnes,Barbara,1754
Barnes,Brian,3752
Barnes,Diane,3592
Barnes,Donald,3808
Barnes,Evelyn,3343
Barnes,Gregory,3280
Barnes,Heather,717
Barnes,Janet,4975
Barnes,Joe,2883
Barnes,Jonathan,3541
Barnes,Juan,2982
Barnes,Kimberly,3330
Barnes,Nancy,302
Barnes,Susan,4953
Barnes,Wanda,8
Bell,Aaron,1863
Bell,Amanda,3146
Bell,Anna,4904
Bell,Carlos,4887
Bell,Douglas,1194
Bell,Edward,2799
Bell,Elizabeth,4101
Bell,Gregory,4804
Bell,Harry,172
Bell,Jane,781
Bell,Jerry,4077
Bell,Jerry,3699
Bell,Judy,1767
Bell,Justin,3313
Bell,Katherine,2347
Bell,Lois,2475
Bell,Marilyn,304
Bell,Martha,12
Bell,Melissa,2238
Bell,Norma,1634
Bell,Paul,1786
Bell,Phillip,3760
Bell,Teresa,2833
Bennett,Amanda,1909
Bennett,Anna,448
Bennett,Christopher,3652
Bennett,Clarence,3840
Bennett,Emily,1994
Bennett,Fred,469
Bennett,Gary,422
Bennett,Gary,4248
Bennett,Janet,684
Bennett,Jerry,2532
Bennett,Johnny,4553
Bennett,Joshua,3719
Bennett,Justin,2568
Bennett,Robert,2930
Bennett,Ruby,1935
Bennett,Scott,1188
Bennett,Timothy,1408
Bennett,Walter,1668
Berry,Adam,2512
Berry,Alice,4042
Berry,Alice,1734
Berry,Antonio,1806
Berry,Bonnie,4750
Berry,Brenda,980
Berry,Brian,2559
Berry,Bruce,2123
Berry,Carol,1848
Berry,Catherine,262
Berry,Christine,548
Berry,Debra,2440
Berry,Gregory,1087
Berry,Irene,3817
Berry,Jane,4726
Berry,Jonathan,3312
Berry,Joshua,4409
Berry,Joyce,875
Berry,Kathleen,3751
Berry,Kenneth,1561
Berry,Kimberly,4048
Berry,Lisa,1305
Berry,Lois,1289
Berry,Marie,4614
Berry,Patricia,1979
Berry,Ruby,1662
Berry,Stephanie,2233
Berry,Stephanie,2695
Berry,Stephen,565
Berry,Steve,4380
Bishop,Adam,3111
Bishop,Andrea,3013
Bishop,Beverly,2665
Bishop,Bruce,275
Bishop,Carol,2764
Bishop,Daniel,4761
Bishop,Donald,2897
Bishop,Edward,2769
Bishop,Jeffrey,946
Bishop,Larry,4226
Bishop,Lisa,3796
Bishop,Norma,1005
Bishop,Peter,601
Bishop,Randy,219
Bishop,Sean,3099
Bishop,Shawn,1298
Bishop,Steven,2299
Bishop,Tina,247
Bishop,Walter,1242
Bishop,Willie,282
Black,Carol,4220
Black,Daniel,1177
Black,Evelyn,2007
Black,Janet,3126
Black,Joe,2709
Black,Joseph,2012
Black,Margaret,817
Black,Margaret,849
Black,Michelle,321
Black,Nicole,3677
Black,Norma,4124
Black,Raymond,135
Black,Richard,1319
Bowman,Ann,4176
Bowman,Betty,1394
Bowman,Billy,2958
Bowman,Cynthia,296
Bowman,Dennis,4236
Bowman,Diana,2153
Bowman,Dorothy,1256
Bowman,Fred,3320
Bowman,Jennifer,3743
Bowman,Jesse,4919
Bowman,Jimmy,3130
Bowman,Jose,417
Bowman,Joyce,1888
Bowman,Maria,3249
Bowman,Marie,1603
Bowman,Mark,1975
Bowman,Nicole,1282
Bowman,Pamela,80
Bowman,Ronald,54
Bowman,Sean,2408
Bowman,Shirley,2881
Boyd,Amanda,1556
Boyd,Bobby,602
Boyd,Carlos,2552
Boyd,Charles,4422
Boyd,Craig,294
Boyd,Debra,3721
Boyd,Gerald,4439
Boyd,James,4541
Boyd,Lillian,181
Boyd,Patrick,3450
Boyd,Rebecca,973
Boyd,Russell,114
Boyd,Samuel,3917
Boyd,Shirley,1600
Boyd,Steven,2164
Bradley,Carl,1596
Bradley,Carl,1517
Bradley,Cheryl,1170
Bradley,David,3089
Bradley,Douglas,4574
Bradley,Eric,872
Bradley,Evelyn,3004
Bradley,Helen,146
Bradley,Jane,668
Bradley,Jean,1745
Bradley,Jeremy,267
Bradley,Jimmy,2490
Bradley,John,2588
Bradley,Joseph,4100
Bradley,Judith,4978
Bradley,Lisa,1680
Bradley,Rachel,1191
Bradley,Rachel,1346
Bradley,Ralph,1130
Bradley,Randy,4819
Bradley,Sean,1350
Bradley,Shawn,782
Brooks,Andrew,1819
Brooks,Ann,2575
Brooks,Annie,2753
Brooks,Bruce,1594
Brooks,Chris,25
Brooks,Diane,209
Brooks,Earl,1574
Brooks,George,702
Brooks,Gloria,3155
Brooks,Jennifer,13
Brooks,Karen,1045
Brooks,Kenneth,378
Brooks,Lori,3056
Brooks,Martha,4081
Brooks,Melissa,152
Brooks,Nancy,2158
Brooks,Patricia,3645
Brooks,Patricia,2157
Brooks,Ruby,763
Brooks,Thomas,585
Brown,Albert,4214
Brown,Anthony,3667
Brown,Arthur,1564
Brown,Arthur,57
Brown,Benjamin,3930
Brown,Bonnie,1530
Brown,Cynthia,4018
Brown,David,377
Brown,Dorothy,4696
Brown,Howard,1407
Brown,Jack,1004
Brown,Jeffrey,3015
Brown,Jeremy,3697
Brown,Katherine,3143
Brown,Kimberly,2210
Brown,Laura,656
Brown,Linda,4974
Brown,Mildred,1541
Brown,Nancy,2825
Brown,Norma,2220
Brown,Ruby,4550
Brown,Shirley,1442
Brown,Stephen,3788
Brown,Wayne,1571
Bryant,Annie,3673
Bryant,Ashley,4640
Bryant,Barbara,225
Bryant,Brenda,3039
Bryant,Catherine,1313
Bryant,Catherine,2346
Bryant,Cheryl,1404
Bryant,Diana,4021
Bryant,Donald,3686
Bryant,Donald,3381
Bryant,Doris,2895
Bryant,Eric,1930
Bryant,Jessica,765
Bryant,Jessica,2102
Bryant,Kathleen,2964
Bryant,Lisa,2968
Bryant,Marilyn,24
Bryant,Ronald,1812
Bryant,Sharon,2445
Bryant,William,3088
Burke,Brian,285
Burke,Clarence,259
Burke,Edward,3275
Burke,Eric,2641
Burke,Irene,1715
Burke,Irene,4720
Burke,Jack,111
Burke,Janet,3535
Burke,Jean,927
Burke,Jessica,1927
Burke,Julie,4435
Burke,Larry,605
Burke,Martin,3364
Burke,Mildred,1604
Burke,Nicole,2209
Burke,Patricia,3602
Burke,Paula,988
Burke,Paula,4249
Burke,Rachel,342
Burke,Robin,1157
Burke,Roger,2300
Burke,Stephen,3054
Burke,Walter,4371
Burns,Alan,2392
Burns,Angela,203
Burns,Beverly,1229
Burns,Brenda,2886
Burns,Carl,3007
Burns,Catherine,303
Burns,Cheryl,554
Burns,Christopher,2173
Burns,Christopher,2932
Burns,Clarence,4537
Burns,Donna,349
Burns,Douglas,2620
Burns,Douglas,4438
Burns,Eugene,1968
Burns,Gloria,194
Burns,Harold,3785
Burns,Jennifer,3200
Burns,Kimberly,1086
Burns,Laura,1198
Burns,Louise,1898
Burns,Maria,3022
Burns,Michelle,2661
Burns,Phillip,2415
Burns,Phillip,3315
Burns,Robert,3064
Burns,Sara,11
Burns,Shirley,4946
Burton,Amy,4731
Burton,Anne,2043
Burton,Annie,3168
Burton,Betty,2604
Burton,Carl,4814
Burton,Ernest,1467
Burton,Irene,2929
Burton,Janet,2303
Burton,Jonathan,2437
Burton,Kathryn,1468
Burton,Lawrence,943
Burton,Lois,3220
Burton,Lori,3399
Burton,Louis,3160
Burton,Maria,1885
Burton,Michael,3223
Burton,Paul,3791
Burton,Phyllis,401
Burton,Phyllis,4573
Burton,Randy,76
Burton,Robert,1476
Burton,Robin,344
Burton,Ruby,99
Burton,Ruth,2089
Burton,Shirley,2193
Burton,Timothy,3485
Burton,Walter,4855
Burton,Wanda,3370
Burton,Willie,1869
Butler,Alice,505
Butler,Brandon,3290
Butler,Dorothy,1569
Butler,Fred,2920
Butler,Fred,4986
Butler,Harold,230
Butler,Howard,1704
Butler,Jerry,4149
Butler,Joshua,3691
Butler,Matthew,4625
Butler,Nicole,4829
Butler,Paul,3998
Butler,Rachel,2083
Butler,Rachel,1273
Butler,Robin,463
Butler,Roy,3918
Campbell,Alice,37
Campbell,Amanda,3945
Campbell,Christopher,4218
Campbell,Doris,1922
Campbell,Henry,2130
Campbell,Jacqueline,1312
Campbell,Jacqueline,4668
Campbell,Jacqueline,4185
Campbell,Jeremy,4091
Campbell,Jimmy,3888
Campbell,Joan,3310
Campbell,Maria,488
Campbell,Michael,3637
Campbell,Mildred,1580
Campbell,Rebecca,773
Campbell,Shirley,1851
Campbell,Shirley,4171
Campbell,Teresa,1586
Campbell,Theresa,3800
Carpenter,Adam,379
Carpenter,Adam,4323
Carpenter,Brian,4931
Carpenter,Craig,651
Carpenter,Evelyn,2792
Carpenter,Heather,1207
Carpenter,Karen,4883
Carpenter,Kathryn,3311
Carpenter,Lori,1339
Carpenter,Marilyn,392
Carpenter,Martha,2425
Carpenter,Patricia,977
Carpenter,Raymond,1878
Carpenter,Roger,1752
Carpenter,Rose,3629
Carpenter,Sandra,1893
Carpenter,Teresa,2611
Carpenter,Todd,3384
Carr,Ashley,2456
Carr,Bruce,3105
Carr,Carolyn,2381
Carr,Clarence,1383
Carr,Doris,446
Carr,Dorothy,4063
Carr,Elizabeth,1392
Carr,Eric,3431
Carr,Evelyn,1904
Carr,Frances,4436
Carr,Gerald,327
Carr,Jack,858
Carr,Jeremy,4284
Carr,Jose,2388
Carr,Marie,4810
Carr,Marilyn,2918
Carr,Patricia,1981
Carr,Paul,2088
Carr,Rachel,3035
Carr,Richard,3830
Carr,Ronald,471
Carr,Teresa,4054
Carr,Timothy,3185
Carr,William,4806
Carroll,Alan,2080
Carroll,Albert,4014
Carroll,Anthony,3510
Carroll,Ashley,4264
Carroll,Betty,637
Carroll,Deborah,1631
Carroll,Diane,2774
Carroll,Edward,4983
Carroll,Ernest,2231
Carroll,Frances,2500
Carroll,Gerald,886
Carroll,Jimmy,3181
Carroll,Karen,1172
Carroll,Larry,4861
Carroll,Randy,156
Carroll,Shawn,1740
Carroll,Walter,3873
Carroll,Wanda,3683
Carter,Ashley,1676
Carter,Barbara,671
Carter,Bobby,4122
Carter,Bonnie,2603
Carter,Brian,4942
Carter,Harold,629
Carter,Jack,3162
Carter,Jack,797
Carter,Justin,3620
Carter,Maria,2800
Carter,Michael,2928
Carter,Pamela,4799
Carter,Paula,2187
Carter,Sandra,280
Carter,William,2044
Carter,Willie,2712
Castillo,Alice,3818
Castillo,Antonio,2985
Castillo,Billy,4896
Castillo,Billy,2449
Castillo,Carl,1489
Castillo,David,2692
Castillo,Heather,1234
Castillo,Henry,2634
Castillo,James,568
Castillo,Judith,1488
Castillo,Karen,1830
Castillo,Kathy,3536
Castillo,Lori,3420
Castillo,Margaret,2817
Castillo,Marilyn,2890
Castillo,Mildred,4199
Castillo,Norma,2545
Castillo,Richard,761
Castillo,Roger,1463
Chapman,Andrew,30
Chapman,Brandon,1199
Chapman,Christina,1902
Chapman,Daniel,3380
Chapman,Helen,4503
Chapman,James,4820
Chapman,Jimmy,2757
Chapman,Linda,2339
Chapman,Lisa,4639
Chapman,Louis,3886
Chapman,Maria,3221
Chapman,Mark,1296
Chapman,Mary,1554
Chapman,Shawn,2871
Chapman,Theresa,3351
Chavez,Carl,166
Chavez,Eugene,2756
Chavez,Evelyn,3002
Chavez,Evelyn,4770
Chavez,Fred,3483
Chavez,Gerald,2108
Chavez,Harry,1320
Chavez,Henry,2207
Chavez,Jane,3245
Chavez,Joan,2170
Chavez,Kenneth,4411
Chavez,Louise,2399
Chavez,Maria,949
Chavez,Marilyn,540
Chavez,Michelle,4729
Chavez,Nancy,2740
Chavez,Nancy,34
Chavez,Raymond,4497
Chavez,Robin,4742
Chavez,Steven,1626
Chavez,Steven,3414
Chavez,Victor,4000
Clark,Brian,3451
Clark,Carolyn,2446
Clark,Chris,4338
Clark,Debra,4598
Clark,Donald,2933
Clark,Eugene,1640
Clark,Evelyn,4866
Clark,Jack,4162
Clark,Jason,2969
Clark,Jason,2182
Clark,Jennifer,4059
Clark,Jeremy,1650
Clark,Kenneth,2717
Clark,Marie,358
Clark,Marie,4648
Clark,Martha,2488
Clark,Patrick,2072
Clark,Rose,957
Clark,Ruby,2540
Clark,Sara,3551
Clark,Teresa,2749
Clark,Timothy,130
Clark,Walter,2654
Clark,Willie,4645
Cole,Adam,98
Cole,Alan,4316
Cole,Ann,2386
Cole,Barbara,589
Cole,Brandon,4889
Cole,Cheryl,4035
Cole,Cheryl,1426
Cole,Denise,2950
Cole,Frank,4583
Cole,Frank,3689
Cole,Gerald,1239
Cole,Gregory,1928
Cole,Judith,53
Cole,Nicholas,3644
Cole,Norma,1104
Cole,Pamela,3842
Cole,Richard,1655
Cole,Ronald,784
Cole,Victor,210
Cole,Walter,1190
Coleman,Ann,1872
Coleman,Anne,766
Coleman,Anne,2572
Coleman,Annie,885
Coleman,Clarence,549
Coleman,Howard,1030
Coleman,Jerry,899
Coleman,Justin,1989
Coleman,Kathleen,2188
Coleman,Mark,1071
Coleman,Norma,834
Coleman,Paul,4377
Coleman,Paula,4840
Coleman,Rachel,4173
Coleman,Russell,4483
Coleman,Sarah,914
Coleman,Scott,524
Coleman,Teresa,163
Coleman,Wanda,4617
Coleman,Willie,3103
Collins,Amanda,3026
Collins,Brandon,3286
Collins,Catherine,4630
Collins,Emily,3941
Collins,Eugene,2065
Collins,Gloria,2199
Collins,Gregory,1248
Collins,Jack,1042
Collins,Katherine,4900
Collins,Louise,3512
Collins,Scott,537
Collins,Stephanie,1673
Collins,Stephanie,140
Collins,Steve,2667
Collins,Theresa,4703
Collins,Todd,2908
Cook,Benjamin,3237
Cook,Brian,1160
Cook,Carol,3141
Cook,Christina,1969
Cook,Craig,1988
Cook,Daniel,4330
Cook,Jane,1557
Cook,Jean,396
Cook,Jennifer,873
Cook,Justin,2835
Cook,Laura,4637
Cook,Martha,2526
Cook,Raymond,4545
Cook,Robert,3298
Cook,Roy,4041
Cook,Sandra,4415
Cooper,Alan,4908
Cooper,Ann,1315
Cooper,Bonnie,4151
Cooper,Brenda,234
Cooper,Dennis,3348
Cooper,Diane,3554
Cooper,John,1495
Cooper,Jose,1509
Cooper,Larry,903
Cooper,Lawrence,4562
Cooper,Maria,3775
Cooper,Marie,2655
Cooper,Michael,4530
Cooper,Nicole,2403
Cooper,Paul,1551
Cooper,Russell,699
Cooper,Wayne,88
Cox,Anna,1856
Cox,Betty,4367
Cox,Billy,3440
Cox,Bobby,2768
Cox,Carlos,1859
Cox,Christopher,1015
Cox,Clarence,2377
Cox,Donald,960
Cox,Gary,3186
Cox,Jean,4656
Cox,Jean,2619
Cox,John,4702
Cox,Kelly,4723
Cox,Kenneth,4144
Cox,Lawrence,4031
Cox,Marilyn,2385
Cox,Nicole,2901
Cox,Rachel,3859
Cox,Rebecca,1712
Cox,Ronald,381
Cox,Roy,4792
Cox,Samuel,2376
Cox,Sandra,407
Cox,Shirley,3331
Cox,Susan,3314
Cox,Thomas,264
Cox,Wayne,4257
Cox,Wayne,3911
Crawford,Andrea,3838
Crawford,Anne,701
Crawford,Benjamin,935
Crawford,Carl,1956
Crawford,Christopher,3137
Crawford,Denise,4382
Crawford,Denise,3825
Crawford,Dennis,2049
Crawford,Eric,326
Crawford,Helen,1666
Crawford,Irene,789
Crawford,John,3837
Crawford,Jonathan,2914
Crawford,Joseph,1478
Crawford,Joyce,987
Crawford,Karen,3123
Crawford,Kathryn,4034
Crawford,Marie,1595
Crawford,Mark,2754
Crawford,Nancy,427
Crawford,Peter,3365
Crawford,Rebecca,3641
Crawford,Sandra,4155
Crawford,Sara,1993
Crawford,Susan,1536
Crawford,Tammy,1637
Cruz,Aaron,3030
Cruz,Amy,1707
Cruz,Amy,1103
Cruz,Arthur,3973
Cruz,Beverly,3375
Cruz,Bruce,653
Cruz,Cynthia,74
Cruz,Evelyn,2660
Cruz,Frances,603
Cruz,Gregory,352
Cruz,Henry,985
Cruz,Jeffrey,466
Cruz,Jennifer,55
Cruz,Julia,3887
Cruz,Louis,3378
Cruz,Randy,129
Cruz,Rose,778
Cruz,Terry,2423
Cruz,Theresa,2951
Cruz,Willie,2594
Cunningham,Beverly,577
Cunningham,Bonnie,2676
Cunningham,Brian,2038
Cunningham,Brian,806
Cunningham,Carlos,2507
Cunningham,Clarence,3609
Cunningham,Debra,830
Cunningham,Eugene,2250
Cunningham,Frank,4071
Cunningham,Jeffrey,4694
Cunningham,Jeremy,180
Cunningham,Judy,2562
Cunningham,Lois,557
Cunningham,Maria,1578
Cunningham,Peter,2084
Cunningham,Raymond,544
Cunningham,Rebecca,1987
Cunningham,Richard,4095
Cunningham,Sandra,1487
Cunningham,Sara,1963
Cunningham,Shirley,1529
Cunningham,Steve,1889
Cunningham,Theresa,4727
Cunningham,Timothy,3670
Daniels,Albert,2735
Daniels,Antonio,3797
Daniels,Daniel,3102
Daniels,Donald,3110
Daniels,Doris,2267
Daniels,Eric,3571
Daniels,Heather,744
Daniels,Jeffrey,501
Daniels,Kenneth,3869
Daniels,Larry,4233
Daniels,Lillian,2034
Daniels,Nicole,2831
Daniels,Patricia,2894
Daniels,Phillip,2636
Daniels,Rachel,273
Daniels,Rose,3158
Daniels,Ryan,3631
Daniels,Timothy,1436
Davis,Anthony,3857
Davis,Charles,905
Davis,David,4474
Davis,David,2227
Davis,Elizabeth,1070
Davis,Frances,2861
Davis,Helen,3728
Davis,James,4624
Davis,Jane,2055
Davis,Jeffrey,4844
Davis,Jeffrey,1801
Davis,Jesse,3271
Davis,Jessica,2863
Davis,Johnny,3429
Davis,Judy,3928
Davis,Kathy,324
Davis,Keith,4156
Davis,Marie,228
Davis,Randy,940
Davis,Samuel,1739
Davis,Sarah,4228
Davis,Teresa,3180
Davis,Theresa,4824
Davis,Wanda,3598
Day,Aaron,1095
Day,Andrew,2647
Day,Barbara,807
Day,Billy,1953
Day,Cheryl,1147
Day,Craig,1880
Day,Cynthia,4457
Day,Diane,895
Day,Doris,644
Day,Doris,1133
Day,George,2240
Day,Henry,715
Day,Irene,642
Day,Irene,2397
Day,Jane,995
Day,Jean,4489
Day,Jeremy,1921
Day,Juan,2003
Day,Justin,255
Day,Kathryn,4724
Day,Martin,2208
Day,Michelle,4515
Day,Rebecca,4661
Day,Ronald,2203
Day,Sarah,4557
Day,Willie,1117
Dean,Albert,69
Dean,Andrew,2433
Dean,Anne,2592
Dean,Anne,4657
Dean,Carlos,3085
Dean,Cheryl,666
Dean,Deborah,3261
Dean,Denise,893
Dean,Diane,3958
Dean,Doris,336
Dean,George,821
Dean,George,3801
Dean,Gloria,4221
Dean,Harold,4412
Dean,Karen,279
Dean,Katherine,2868
Dean,Mildred,458
Dean,Nancy,2952
Dean,Nicholas,1227
Dean,Nicole,2179
Dean,Raymond,2097
Dean,Roger,2824
Dean,Rose,3854
Dean,Todd,2867
Dean,Walter,4508
Diaz,Alan,3469
Diaz,Albert,1154
Diaz,Angela,2359
Diaz,Ashley,2312
Diaz,Billy,2976
Diaz,Craig,4985
Diaz,Daniel,35
Diaz,Donna,4618
Diaz,Fred,775
Diaz,Gregory,4325
Diaz,James,4222
Diaz,Jonathan,3852
Diaz,Joshua,2653
Diaz,Maria,4012
Diaz,Melissa,3028
Diaz,Melissa,3591
Diaz,Michelle,4408
Diaz,Pamela,2876
Diaz,Roger,1325
Diaz,Sarah,1950
Diaz,Shawn,2722
Dixon,Alan,4990
Dixon,Andrew,4607
Dixon,Angela,1163
Dixon,Bobby,2409
Dixon,Deborah,4837
Dixon,Donald,3198
Dixon,Donald,1272
Dixon,Donald,1602
Dixon,Dorothy,3388
Dixon,Ernest,3038
Dixon,George,3923
Dixon,George,2128
Dixon,Heather,1722
Dixon,Jesse,120
Dixon,Jimmy,183
Dixon,Joan,1746
Dixon,Jonathan,1741
Dixon,Karen,2287
Dixon,Kathleen,752
Dixon,Lois,814
Dixon,Louis,1096
Dixon,Maria,606
Dixon,Martin,3815
Dixon,Mary,2730
Dixon,Melissa,168
Dixon,Nancy,4020
Dixon,Phyllis,1182
Dixon,Rachel,4431
Dixon,Rachel,2797
Dixon,Randy,3265
Dixon,Rebecca,1214
Dixon,Robert,4374
Dixon,Ronald,2022
Dixon,Samuel,1135
Dixon,Sandra,1920
Dixon,Terry,3010
Dixon,Wanda,2116
Duncan,Alan,3594
Duncan,Amy,604
Duncan,Charles,4839
Duncan,Christine,1454
Duncan,Edward,4604
Duncan,James,3763
Duncan,Johnny,1249
Duncan,Julia,317
Duncan,Roy,3214
Duncan,Sara,2234
Duncan,Stephanie,1883
Duncan,Tina,887
Duncan,Tina,265
Dunn,Annie,1941
Dunn,Carlos,1080
Dunn,Diane,1396
Dunn,Donald,3713
Dunn,Elizabeth,268
Dunn,Harry,328
Dunn,Julia,1753
Dunn,Melissa,4387
Dunn,Nicole,1563
Dunn,Paula,4132
Dunn,Philip,2869
Dunn,Rose,2990
Dunn,Sarah,3222
Dunn,Tammy,3251
Dunn,William,2421
Edwards,Alice,2265
Edwards,Charles,3334
Edwards,Elizabeth,4163
Edwards,Eric,1890
Edwards,Helen,1616
Edwards,Jack,1014
Edwards,Jeffrey,620
Edwards,Jerry,2037
Edwards,John,4773
Edwards,Julia,1490
Edwards,Kathy,4153
Edwards,Larry,391
Edwards,Lori,2447
Edwards,Norma,4948
Edwards,Patricia,1591
Edwards,Patrick,4605
Edwards,Roger,3568
Edwards,Roy,1926
Edwards,Sarah,155
Edwards,Scott,147
Edwards,Scott,338
Edwards,Shawn,4613
Edwards,Shirley,3901
Edwards,Todd,4940
Edwards,William,1934
Elliott,Amanda,3903
Elliott,Cheryl,3390
Elliott,Chris,478
Elliott,Christopher,4923
Elliott,Earl,6
Elliott,Edward,274
Elliott,George,2131
Elliott,Irene,4294
Elliott,Mary,4088
Elliott,Rose,2505
Elliott,Steven,276
Elliott,Teresa,2601
Elliott,Wayne,2535
Ellis,Albert,1677
Ellis,Albert,1853
Ellis,Brian,2938
Ellis,Chris,2120
Ellis,Christina,4572
Ellis,Christine,3584
Ellis,Elizabeth,1430
Ellis,Irene,915
Ellis,Johnny,2316
Ellis,Lawrence,4121
Ellis,Marilyn,692
Ellis,Michael,1690
Ellis,Mildred,3922
Ellis,Peter,1552
Ellis,Phyllis,772
Ellis,Randy,3804
Ellis,Roy,2414
Ellis,Ruby,2642
Ellis,Sandra,1955
Ellis,Susan,4211
Ellis,Virginia,1353
Evans,Aaron,2368
Evans,Andrew,233
Evans,Billy,1891
Evans,Christina,2441
Evans,Christine,4084
Evans,Debra,3533
Evans,Dorothy,2808
Evans,Edward,4333
Evans,Frank,2988
Evans,Gregory,4104
Evans,Heather,2966
Evans,Jessica,4010
Evans,Jimmy,4024
Evans,Joe,562
Evans,John,3480
Evans,Joshua,4699
Evans,Julia,762
Evans,Kathy,1727
Evans,Kimberly,723
Evans,Lori,3794
Evans,Rachel,1447
Evans,Rachel,3777
Evans,Robert,1976
Evans,Robin,4281
Evans,Terry,621
Evans,Terry,1322
Evans,Willie,3987
Ferguson,Annie,2186
Ferguson,Benjamin,3580
Ferguson,Benjamin,1686
Ferguson,Carol,52
Ferguson,Craig,4486
Ferguson,Diane,2301
Ferguson,Dorothy,1107
Ferguson,Jack,3301
Ferguson,Jessica,2885
Ferguson,Kathryn,2349
Ferguson,Lawrence,1059
Ferguson,Linda,320
Ferguson,Marie,2813
Ferguson,Martin,1391
Ferguson,Mildred,614
Ferguson,Phyllis,1949
Ferguson,Raymond,567
Ferguson,Robin,2111
Ferguson,Roy,4928
Ferguson,Sara,339
Ferguson,Timothy,1031
Fernandez,Barbara,3422
Fernandez,Catherine,2646
Fernandez,Christine,72
Fernandez,Daniel,732
Fernandez,Eric,787
Fernandez,George,456
Fernandez,Heather,3957
Fernandez,Howard,4470
Fernandez,Irene,2292
Fernandez,Jason,3759
Fernandez,Joe,3980
Fernandez,Juan,3438
Fernandez,Julie,3372
Fernandez,Kelly,2750
Fernandez,Margaret,3276
Fernandez,Pamela,4606
Fernandez,Pamela,2580
Fernandez,Paula,2577
Fernandez,Rebecca,4366
Fernandez,Terry,3684
Fernandez,Wayne,3707
Fernandez,Wayne,248
Fields,Andrew,4015
Fields,Ann,153
Fields,Brian,4004
Fields,Cynthia,936
Fields,Ernest,4107
Fields,Helen,1784
Fields,Joan,1944
Fields,Juan,1439
Fields,Judith,877
Fields,Kenneth,2094
Fields,Matthew,1150
Fields,Phillip,2335
Fields,Ralph,4099
Fields,Steven,3924
Fields,Theresa,3073
Fields,Theresa,191
Fields,Walter,2196
Fisher,Adam,4621
Fisher,Adam,2432
Fisher,Annie,2029
Fisher,Catherine,2045
Fisher,Gary,1236
Fisher,Jessica,1025
Fisher,Justin,2725
Fisher,Laura,1146
Fisher,Marie,4430
Fisher,Martin,2296
Fisher,Roy,2987
Fisher,Sarah,1245
Fisher,Susan,3341
Fisher,Virginia,1397
Flores,Amanda,1562
Flores,Arthur,2887
Flores,Carolyn,3705
Flores,Christina,4060
Flores,David,1657
Flores,Donna,1400
Flores,Donna,2341
Flores,Evelyn,1334
Flores,John,2561
Flores,Karen,508
Flores,Keith,2092
Flores,Linda,4066
Flores,Margaret,1780
Flores,Marilyn,1089
Flores,Martin,1125
Flores,Martin,4619
Flores,Mildred,3134
Flores,Victor,3739
Flores,William,3183
Ford,Aaron,575
Ford,Annie,680
Ford,Bonnie,301
Ford,Catherine,2849
Ford,Donald,900
Ford,Earl,938
Ford,Gary,2269
Ford,Gregory,224
Ford,Jack,661
Ford,Jean,260
Ford,Jessica,2150
Ford,Katherine,1122
Ford,Keith,597
Ford,Lawrence,2736
Ford,Louis,4067
Ford,Martha,1192
Ford,Nancy,2980
Ford,Richard,1073
Ford,Rose,3675
Ford,William,3270
Foster,Brenda,1421
Foster,Cheryl,1860
Foster,Jeffrey,4560
Foster,Julie,1051
Foster,Justin,2302
Foster,Kathleen,1692
Foster,Martin,4490
Foster,Nicole,2051
Foster,Paul,1613
Fowler,Amanda,1702
Fowler,Ann,3415
Fowler,Deborah,2625
Fowler,Doris,3328
Fowler,Dorothy,4578
Fowler,Jane,3544
Fowler,Joan,3779
Fowler,Justin,315
Fowler,Kathleen,1840
Fowler,Lawrence,4079
Fowler,Margaret,2260
Fowler,Michael,4817
Fowler,Paul,202
Fowler,Ralph,462
Fowler,Richard,4369
Fowler,Robin,4592
Fowler,Roy,1079
Fowler,Ruth,4002
Fox,Annie,1474
Fox,Annie,3156
Fox,Christine,2638
Fox,Daniel,3814
Fox,Evelyn,295
Fox,Frances,97
Fox,Fred,3572
Fox,Fred,1010
Fox,Gary,3985
Fox,Harold,3935
Fox,Heather,4652
Fox,Jane,3651
Fox,Juan,2237
Fox,Kathy,1759
Fox,Lawrence,3943
Fox,Linda,3621
Fox,Martha,1340
Fox,Norma,1038
Fox,Paul,4300
Fox,Rose,4960
Fox,Stephanie,4936
Franklin,Adam,4633
Franklin,Andrea,3169
Franklin,Carolyn,3951
Franklin,Deborah,2834
Franklin,Dorothy,2564
Franklin,Edward,4174
Franklin,Gary,956
Franklin,James,95
Franklin,Jane,3549
Franklin,Katherine,2268
Franklin,Kathryn,4786
Franklin,Linda,431
Franklin,Mark,112
Franklin,Martin,3781
Franklin,Paul,3515
Franklin,Phyllis,2759
Franklin,Robin,2230
Franklin,Ryan,1292
Franklin,Susan,3336
Franklin,Teresa,3212
Franklin,Victor,1212
Frazier,Bobby,558
Frazier,Bobby,2100
Frazier,Catherine,4428
Frazier,Charles,609
Frazier,Daniel,2839
Frazier,Gregory,933
Frazier,Jeffrey,663
Frazier,Jennifer,3259
Frazier,Lawrence,3657
Frazier,Paula,361
Frazier,Philip,2126
Frazier,Roger,3552
Frazier,Russell,3819
Frazier,Sandra,4715
Frazier,Steven,1016
Frazier,Timothy,4372
Frazier,Todd,165
Frazier,Victor,367
Freeman,Brian,4246
Freeman,Carl,4363
Freeman,Christopher,2729
Freeman,Donna,4830
Freeman,Earl,4868
Freeman,Henry,728
Freeman,Janet,4227
Freeman,Jeffrey,240
Freeman,Jessica,1431
Freeman,Kathleen,3195
Freeman,Kathryn,3915
Freeman,Kevin,3627
Freeman,Mary,2497
Freeman,Pamela,3628
Freeman,Ralph,3397
Freeman,Shirley,1269
Freeman,Virginia,2696
Fuller,Brandon,2068
Fuller,Charles,634
Fuller,Denise,2383
Fuller,Eric,4852
Fuller,Eugene,3453
Fuller,Gary,3614
Fuller,Henry,1991
Fuller,Jeffrey,2953
Fuller,Karen,4082
Fuller,Kathryn,669
Fuller,Kenneth,3069
Fuller,Larry,4282
Fuller,Lori,722
Fuller,Nicholas,4279
Fuller,Sara,2064
Fuller,Stephen,330
Fuller,Susan,193
Fuller,Tina,300
Garcia,Andrea,4682
Garcia,Brian,2478
Garcia,Chris,4996
Garcia,Christine,3172
Garcia,Jimmy,610
Garcia,Justin,81
Garcia,Laura,2366
Garcia,Lisa,3949
Garcia,Lois,424
Garcia,Paula,1012
Garcia,Ruby,2424
Garcia,Ruth,1278
Garcia,Sandra,3524
Garcia,Stephen,2830
Gardner,Billy,631
Gardner,Carolyn,2727
Gardner,Chris,902
Gardner,Christina,3959
Gardner,Diane,3470
Gardner,Joseph,4261
Gardner,Mark,1120
Gardner,Michelle,1805
Gardner,Pamela,29
Gardner,Ralph,1508
Gardner,Stephen,3742
Gardner,Theresa,3098
Garrett,Brenda,1460
Garrett,Carl,1112
Garrett,Kathleen,190
Garrett,Kathleen,645
Garrett,Kevin,3633
Garrett,Maria,2005
Garrett,Philip,1275
Garrett,Robin,1137
Garrett,Ruth,1857
Garrett,Ryan,1776
Garrett,Shawn,2436
Garrett,Theresa,4494
Garrett,Timothy,2317
Garrett,Victor,4181
Garza,Aaron,1065
Garza,Amy,1223
Garza,Arthur,3456
Garza,Bobby,3133
Garza,Brandon,4662
Garza,Cynthia,4385
Garza,David,4586
Garza,Debra,3436
Garza,Denise,3664
Garza,Edward,3091
Garza,Jack,487
Garza,Jack,313
Garza,Justin,4352
Garza,Keith,1484
Garza,Nicole,3907
Garza,Sara,835
Garza,Virginia,3100
Garza,Willie,4301
George,Adam,2806
George,Albert,3579
George,Ashley,2195
George,Bobby,3053
George,Bonnie,4993
George,Brenda,3990
George,Carolyn,144
George,Christine,1167
George,Gary,116
George,Irene,3071
George,Janice,3
George,Jeffrey,3083
George,Jimmy,824
George,Joe,4502
George,Keith,3724
George,Linda,1825
George,Lisa,3033
George,Maria,1343
George,Michelle,3159
George,Norma,4609
George,Paula,3281
George,Peter,4390
George,Phyllis,2702
George,Ralph,2844
George,Roger,3715
George,Samuel,3268
Gibson,Aaron,4552
Gibson,Aaron,3693
Gibson,Ann,2690
Gibson,Antonio,1611
Gibson,Bonnie,3518
Gibson,Brandon,4320
Gibson,Carol,3324
Gibson,Denise,2099
Gibson,Harry,4134
Gibson,Jennifer,4658
Gibson,Jimmy,1385
Gibson,Joseph,3879
Gibson,Joseph,196
Gibson,Marie,157
Gibson,Marie,1972
Gibson,Mary,4873
Gibson,Shawn,3588
Gibson,Shawn,2742
Gibson,Stephanie,1684
Gibson,Wanda,2121
Gilbert,Amy,795
Gilbert,Angela,2499
Gilbert,Antonio,648
Gilbert,Donna,2699
Gilbert,Elizabeth,3285
Gilbert,Harry,965
Gilbert,Jean,4955
Gilbert,Jerry,2534
Gilbert,Jesse,1876
Gilbert,Kimberly,4116
Gilbert,Lisa,3946
Gilbert,Mary,970
Gilbert,Nancy,1608
Gilbert,Nicole,3447
Gilbert,Roger,1428
Gilbert,Roy,3067
Gilbert,Scott,2860
Gilbert,Sean,4826
Gilbert,Shawn,3374
Gilbert,Susan,2176
Gomez,Angela,4167
Gomez,Benjamin,4175
Gomez,Beverly,1720
Gomez,Bonnie,2733
Gomez,Cheryl,77
Gomez,Christopher,649
Gomez,Debra,2353
Gomez,Gerald,89
Gomez,Heather,1123
Gomez,Laura,3986
Gomez,Nicole,4177
Gomez,Peter,759
Gomez,Rebecca,564
Gomez,Tammy,3610
Gomez,Terry,4641
Gomez,Timothy,1511
Gomez,Tina,416
Gomez,Victor,4615
Gomez,Willie,3442
Gonzales,Anthony,3525
Gonzales,Christina,1063
Gonzales,Christopher,2103
Gonzales,Diana,1499
Gonzales,Donna,4788
Gonzales,Janet,1659
Gonzales,Jimmy,4705
Gonzales,Julie,710
Gonzales,Lori,2524
Gonzales,Matthew,3316
Gonzales,Matthew,3404
Gonzales,Pamela,459
Gonzales,Rachel,1535
Gonzales,Roger,3096
Gonzales,Ronald,3042
Gonzales,Teresa,4709
Gonzales,Wayne,3553
Gonzalez,Ann,2405
Gonzalez,Benjamin,3387
Gonzalez,Emily,46
Gonzalez,Gloria,2327
Gonzalez,Howard,1826
Gonzalez,Jean,3955
Gonzalez,Joshua,2838
Gonzalez,Patricia,10
Gonzalez,Patrick,1606
Gonzalez,Paula,4030
Gonzalez,Peter,2850
Gonzalez,Phillip,2504
Gonzalez,Phyllis,3171
Gonzalez,Sarah,2705
Gonzalez,Susan,4187
Gordon,Anne,3966
Gordon,Billy,803
Gordon,Catherine,1151
Gordon,Diana,4561
Gordon,Emily,4905
Gordon,Irene,2036
Gordon,Jack,1601
Gordon,Jane,4997
Gordon,Jeremy,4884
Gordon,John,1627
Gordon,Johnny,1081
Gordon,Joshua,2134
Gordon,Justin,126
Gordon,Karen,4874
Gordon,Kimberly,1506
Gordon,Louise,1337
Gordon,Peter,3003
Gordon,Peter,3273
Gordon,Robert,4183
Gordon,Susan,1513
Graham,Andrea,1491
Graham,Edward,667
Graham,Evelyn,3831
Graham,Gary,3211
Graham,Jane,3507
Graham,Jimmy,3778
Graham,Joshua,4462
Graham,Judy,2491
Graham,Julia,3317
Graham,Lori,843
Graham,Michelle,167
Graham,Peter,708
Graham,Phyllis,979
Graham,Russell,3622
Graham,Stephen,4115
Grant,Andrew,4858
Grant,Angela,4918
Grant,Christopher,2574
Grant,Dorothy,1034
Grant,Henry,576
Grant,Joan,1290
Grant,Johnny,4482
Grant,Ronald,4779
Grant,Ruby,688
Grant,Shawn,851
Grant,Wayne,305
Gray,Anthony,3827
Gray,Benjamin,414
Gray,Betty,2451
Gray,Billy,3488
Gray,Christina,3052
Gray,Cynthia,2891
Gray,David,2859
Gray,Eric,1187
Gray,Harry,2253
Gray,Janet,4381
Gray,Jean,3489
Gray,Jeffrey,4022
Gray,Judith,1703
Gray,Katherine,1660
Gray,Rose,1043
Gray,Sara,4302
Gray,Sharon,4057
Gray,Tammy,4473
Gray,Walter,2801
Green,Amy,1055
Green,Douglas,2525
Green,Frank,942
Green,Howard,3505
Green,Jack,4103
Green,Janet,1200
Green,Jeffrey,2151
Green,Kathy,3167
Green,Laura,1461
Green,Matthew,2796
Green,Nicholas,1113
Green,Philip,2911
Green,Ryan,3642
Green,Scott,2605
Greene,Brenda,4047
Greene,Bruce,3671
Greene,Carolyn,4298
Greene,Carolyn,1977
Greene,Daniel,531
Greene,Daniel,4133
Greene,Earl,2314
Greene,Janice,3905
Greene,Jeremy,3534
Greene,Joan,4208
Greene,Joyce,685
Greene,Joyce,907
Greene,Juan,421
Greene,Juan,238
Greene,Kelly,64
Greene,Lisa,4575
Greene,Lisa,357
Greene,Louise,4202
Greene,Nancy,1061
Greene,Richard,281
Greene,Samuel,1349
Griffin,Andrea,3864
Griffin,Chris,2318
Griffin,Elizabeth,4907
Griffin,Evelyn,1262
Griffin,Gerald,214
Griffin,Janet,1787
Griffin,Jean,636
Griffin,Jennifer,4495
Griffin,Joshua,1639
Griffin,Keith,4929
Griffin,Larry,3803
Griffin,Martha,3672
Griffin,Mary,2563
Griffin,Matthew,4627
Griffin,Paul,697
Griffin,Philip,3733
Griffin,Ryan,3252
Griffin,Ryan,3897
Griffin,Sara,646
Griffin,Shawn,3368
Griffin,Shirley,1504
Griffin,Terry,3809
Griffin,Tina,3969
Griffin,Wanda,2023
Griffin,Wanda,3793
Gutierrez,Alice,3547
Gutierrez,Angela,2731
Gutierrez,Carl,3587
Gutierrez,Donald,796
Gutierrez,Frank,19
Gutierrez,Harold,1682
Gutierrez,Heather,3463
Gutierrez,James,3569
Gutierrez,Johnny,786
Gutierrez,Jonathan,56
Gutierrez,Katherine,4139
Gutierrez,Lisa,829
Gutierrez,Lois,948
Gutierrez,Marilyn,3486
Gutierrez,Phillip,306
Gutierrez,Rose,3014
Gutierrez,Ruby,1959
Gutierrez,William,976
Hall,Amy,4563
Hall,Ann,2355
Hall,Arthur,2614
Hall,Carol,3753
Hall,Clarence,3848
Hall,George,145
Hall,Gregory,1074
Hall,Heather,910
Hall,Helen,4850
Hall,Irene,700
Hall,Jack,4816
Hall,Jason,3373
Hall,Jesse,3487
Hall,Joan,4838
Hall,Joseph,4319
Hall,Judy,3247
Hall,Karen,329
Hall,Laura,4032
Hall,Lillian,3692
Hall,Mark,3882
Hall,Nicole,1811
Hall,Nicole,3714
Hall,Raymond,4209
Hall,Robin,1412
Hall,Russell,254
Hall,Ryan,4421
Hall,Sandra,4463
Hall,Sarah,4733
Hall,Shawn,3231
Hall,Shawn,912
Hall,Stephanie,161
Hall,Timothy,3860
Hall,William,2541
Hamilton,Amy,3550
Hamilton,Anne,3239
Hamilton,Benjamin,3596
Hamilton,Bonnie,4526
Hamilton,Brenda,739
Hamilton,Diane,4388
Hamilton,George,628
Hamilton,George,3612
Hamilton,Harry,2221
Hamilton,Jacqueline,1726
Hamilton,Janice,2379
Hamilton,Joan,3066
Hamilton,Jose,937
Hamilton,Judith,4131
Hamilton,Kathleen,2935
Hamilton,Kathleen,994
Hamilton,Lillian,1427
Hamilton,Marilyn,1028
Hamilton,Martha,43
Hamilton,Melissa,93
Hamilton,Nicholas,3989
Hamilton,Roy,1418
Hamilton,Willie,3029
Hansen,Anthony,3529
Hansen,Arthur,44
Hansen,Carolyn,1174
Hansen,Cynthia,113
Hansen,Eric,2739
Hansen,Jesse,1958
Hansen,Joshua,4776
Hansen,Mark,4326
Hansen,Pamela,811
Hansen,Robert,2021
Hansen,Robert,4745
Hansen,Ronald,1918
Hansen,Ryan,881
Hansen,Scott,4671
Hansen,Sean,4332
Hansen,Thomas,3661
Hansen,Wayne,4544
Hanson,Andrea,4888
Hanson,Carolyn,3087
Hanson,Carolyn,1090
Hanson,Charles,2687
Hanson,Charles,3080
Hanson,Denise,4425
Hanson,Donald,2837
Hanson,Earl,527
Hanson,Gary,3984
Hanson,Gloria,517
Hanson,Irene,1570
Hanson,Jacqueline,402
Hanson,Jane,4334
Hanson,Jason,2378
Hanson,Johnny,1356
Hanson,Kathleen,3925
Hanson,Kenneth,2362
Hanson,Kevin,452
Hanson,Ralph,2643
Hanson,Roy,3116
Hanson,Samuel,2529
Hanson,Sandra,2786
Hanson,Tammy,783
Harper,Alice,3297
Harper,Andrea,4963
Harper,Andrew,354
Harper,Donna,853
Harper,George,913
Harper,Jerry,3508
Harper,Julie,1168
Harper,Justin,3643
Harper,Kevin,4654
Harper,Kimberly,1501
Harper,Linda,1648
Harper,Maria,128
Harper,Martha,1288
Harper,Mildred,108
Harper,Patrick,87
Harper,Raymond,1505
Harper,Raymond,3161
Harper,Shawn,2394
Harper,Shirley,4927
Harper,Stephen,3624
Harper,Thomas,842
Harris,Benjamin,4529
Harris,Betty,2582
Harris,Brian,415
Harris,Cheryl,436
Harris,Denise,2309
Harris,Donna,2156
Harris,Douglas,2291
Harris,Harry,891
Harris,Jack,758
Harris,Jacqueline,2235
Harris,Jeffrey,850
Harris,Joe,2816
Harris,Jose,1713
Harris,Julia,1126
Harris,Julia,4040
Harris,Margaret,4532
Harris,Mark,4525
Harris,Nicholas,3839
Harris,Randy,4237
Harris,Robin,1615
Harris,Ruby,3597
Harris,Ruth,816
Harrison,Albert,432
Harrison,Andrea,3920
Harrison,Bobby,2185
Harrison,Brenda,724
Harrison,Edward,1429
Harrison,Ernest,1238
Harrison,Jack,283
Harrison,Karen,4679
Harrison,Michelle,1646
Harrison,Norma,1900
Harrison,Phyllis,2586
Harrison,William,92
Hart,Alan,2624
Hart,Arthur,439
Hart,Brandon,1092
Hart,Brenda,3770
Hart,Elizabeth,4909
Hart,Heather,4396
Hart,Howard,3300
Hart,Jason,169
Hart,Jeffrey,2778
Hart,Jennifer,2919
Hart,Jennifer,1565
Hart,Joseph,4093
Hart,Joyce,3191
Hart,Larry,1381
Hart,Melissa,4219
Hart,Nancy,1481
Hart,Robin,3771
Hart,Samuel,1502
Hart,Sandra,1101
Harvey,Anna,866
Harvey,Anne,2828
Harvey,Anthony,1336
Harvey,Carlos,4125
Harvey,Carlos,186
Harvey,Craig,2066
Harvey,Doris,3017
Harvey,Douglas,3729
Harvey,Evelyn,2780
Harvey,Frank,4760
Harvey,Gloria,3626
Harvey,Howard,1914
Harvey,Jennifer,1056
Harvey,Jesse,2428
Harvey,Joyce,1017
Harvey,Katherine,813
Harvey,Kathleen,2899
Harvey,Laura,4644
Harvey,Paul,290
Harvey,Robin,1777
Harvey,Roy,2404
Harvey,Sean,3204
Harvey,Steve,1220
Harvey,Thomas,3302
Harvey,Victor,1209
Harvey,Victor,2095
Hawkins,Annie,2682
Hawkins,Catherine,3706
Hawkins,Denise,4921
Hawkins,Diane,4038
Hawkins,Douglas,625
Hawkins,Heather,1572
Hawkins,Janice,4065
Hawkins,Jason,4206
Hawkins,John,2767
Hawkins,Judith,1947
Hawkins,Karen,2448
Hawkins,Michael,2772
Hawkins,Nancy,2040
Hawkins,Patrick,2298
Hawkins,Paul,945
Hawkins,Randy,626
Hawkins,Raymond,2670
Hawkins,Teresa,4701
Hawkins,Teresa,1761
Hayes,Albert,2412
Hayes,Anthony,2975
Hayes,Billy,393
Hayes,Carlos,2788
Hayes,Chris,2431
Hayes,Christopher,491
Hayes,Diane,1485
Hayes,Jennifer,3668
Hayes,Juan,4375
Hayes,Lisa,177
Hayes,Maria,3499
Hayes,Michael,1630
Hayes,Nancy,967
Hayes,Roger,4110
Hayes,Rose,495
Hayes,Steve,1231
Hayes,Timothy,1931
Hayes,Walter,3773
Henderson,Amy,2198
Henderson,Ashley,675
Henderson,Bruce,1999
Henderson,Bruce,465
Henderson,Christine,2878
Henderson,Christopher,1066
Henderson,Fred,3727
Henderson,Henry,2584
Henderson,Irene,3217
Henderson,Jacqueline,867
Henderson,Johnny,1387
Henderson,Joseph,1619
Henderson,Kathryn,1624
Henderson,Keith,3576
Henderson,Mark,4256
Henderson,Melissa,831
Henderson,Nicole,118
Henderson,Paul,1779
Henderson,Phillip,1785
Henderson,Robin,2944
Henderson,Sara,2554
Henderson,Sharon,4193
Henderson,Walter,2669
Henry,Aaron,2719
Henry,Albert,1287
Henry,Amy,1128
Henry,Amy,3127
Henry,Arthur,2249
Henry,Ashley,639
Henry,Betty,966
Henry,Billy,3807
Henry,Brenda,525
Henry,Bruce,2671
Henry,Carl,1482
Henry,Carol,2700
Henry,Christopher,804
Henry,Christopher,1887
Henry,Daniel,2171
Henry,Jacqueline,3027
Henry,Jose,4166
Henry,Julia,3274
Henry,Karen,1582
Henry,Kelly,334
Henry,Kenneth,2907
Henry,Martin,205
Henry,Nicole,4939
Henry,Paul,996
Henry,Raymond,536
Henry,Roger,3475
Henry,Sarah,874
Henry,Shawn,2515
Henry,Tammy,4086
Henry,Thomas,494
Henry,William,1521
Hernandez,Alice,468
Hernandez,Annie,4414
Hernandez,Clarence,1274
Hernandez,Craig,4269
Hernandez,Douglas,2632
Hernandez,Earl,4601
Hernandez,Earl,410
Hernandez,Eugene,256
Hernandez,Fred,1683
Hernandez,Gregory,2274
Hernandez,Helen,3120
Hernandez,Henry,2999
Hernandez,Henry,101
Hernandez,Jacqueline,289
Hernandez,Kathryn,3174
Hernandez,Linda,3199
Hernandez,Louis,3011
Hernandez,Nicholas,2542
Hernandez,Rebecca,571
Hernandez,Scott,2710
Hernandez,Steven,4313
Hernandez,Timothy,2106
Hernandez,Virginia,3855
Hicks,Betty,2350
Hicks,Carl,4787
Hicks,Doris,27
Hicks,Earl,4757
Hicks,Emily,1389
Hicks,Ernest,176
Hicks,Jean,547
Hicks,John,3184
Hicks,Joseph,1419
Hicks,Joseph,1405
Hicks,Laura,4496
Hicks,Lois,1210
Hicks,Mary,1345
Hicks,Nicholas,4234
Hicks,Phyllis,3577
Hicks,Roger,4471
Hicks,Russell,2471
Hicks,Shawn,521
Hicks,Stephen,220
Hicks,Steven,4876
Hicks,Timothy,4461
Hicks,Wanda,271
Hicks,Willie,2161
Hill,Adam,1531
Hill,Ashley,738
Hill,Chris,4767
Hill,Diane,4464
Hill,Edward,4961
Hill,Elizabeth,810
Hill,Jimmy,731
Hill,Joan,1378
Hill,Juan,428
Hill,Karen,4780
Hill,Kathleen,3405
Hill,Matthew,4128
Hill,Robin,2430
Hill,Sharon,4017
Hill,Shirley,4056
Holmes,Daniel,1607
Holmes,Denise,3277
Holmes,Evelyn,403
Holmes,Evelyn,83
Holmes,Harold,779
Holmes,Janice,764
Holmes,Jerry,932
Holmes,Jonathan,3164
Holmes,Joshua,2995
Holmes,Lillian,1592
Holmes,Linda,1206
Holmes,Margaret,3061
Holmes,Martha,2370
Holmes,Paula,3934
Holmes,Paula,489
Holmes,Ronald,1841
Holmes,Sandra,1264
Holmes,Susan,3282
Holmes,Teresa,3558
Holmes,Timothy,3979
Howard,Andrew,413
Howard,Andrew,3062
Howard,Annie,1204
Howard,Earl,3496
Howard,Gloria,2138
Howard,Heather,4999
Howard,Janice,2014
Howard,Jonathan,3538
Howard,Judith,3653
Howard,Maria,3589
Howard,Mary,2391
Howard,Nicole,836
Howard,Samuel,3849
Howard,Sara,1500
Howard,Sharon,1823
Howard,Virginia,3201
Howell,Ann,3360
Howell,Christina,1813
Howell,Douglas,1815
Howell,Janet,2262
Howell,Jean,596
Howell,Jonathan,3142
Howell,Kimberly,3021
Howell,Lawrence,2617
Howell,Norma,4450
Howell,Patrick,138
Howell,Rose,4001
Howell,Ruth,3916
Howell,Sara,3206
Howell,Susan,3151
Howell,Thomas,4744
Hudson,Bruce,704
Hudson,Carolyn,467
Hudson,Charles,4129
Hudson,Charles,4949
Hudson,Cheryl,1265
Hudson,Elizabeth,1766
Hudson,Frank,2502
Hudson,Gerald,1390
Hudson,Jerry,2818
Hudson,Joyce,1402
Hudson,Julia,3278
Hudson,Kathryn,2909
Hudson,Larry,1844
Hudson,Mary,1097
Hudson,Peter,3618
Hudson,Peter,908
Hudson,Robin,4987
Hudson,Roger,299
Hudson,Roger,291
Hudson,Shawn,496
Hughes,Arthur,931
Hughes,Barbara,66
Hughes,Clarence,4296
Hughes,David,1738
Hughes,Donna,3040
Hughes,Jack,1293
Hughes,James,3948
Hughes,Jason,2159
Hughes,Jeremy,2469
Hughes,Peter,2205
Hughes,Ronald,4890
Hughes,Ronald,312
Hunt,Adam,1053
Hunt,Andrew,2315
Hunt,Antonio,4498
Hunt,Benjamin,3726
Hunt,Billy,1341
Hunt,Bonnie,4418
Hunt,Brian,3347
Hunt,Carl,2183
Hunt,Carol,3557
Hunt,Chris,2139
Hunt,Earl,3101
Hunt,Gerald,2345
Hunt,Harry,3109
Hunt,Helen,2459
Hunt,Henry,3758
Hunt,Kathryn,2693
Hunt,Matthew,1019
Hunt,Ruth,1243
Hunt,Samuel,961
Hunt,Stephanie,3425
Hunt,Susan,1440
Hunt,Tammy,1153
Hunt,Wanda,3574
Hunter,Aaron,2648
Hunter,Aaron,104
Hunter,Anna,3016
Hunter,Billy,2439
Hunter,Bobby,3600
Hunter,Doris,1711
Hunter,Dorothy,3153
Hunter,Evelyn,3965
Hunter,Gerald,1406
Hunter,Harold,622
Hunter,Harry,68
Hunter,Henry,1547
Hunter,Jesse,1001
Hunter,Kathleen,1321
Hunter,Louis,2884
Hunter,Maria,2454
Hunter,Maria,4932
Hunter,Nicole,707
Hunter,Patricia,246
Hunter,Phillip,1435
Hunter,Rachel,4045
Hunter,Ralph,1222
Hunter,Sharon,736
Hunter,Shawn,3586
Hunter,Steven,2898
Jackson,Adam,136
Jackson,Cheryl,2761
Jackson,Eric,538
Jackson,Henry,3383
Jackson,Irene,4273
Jackson,Johnny,4686
Jackson,Kelly,2550
Jackson,Lawrence,3224
Jackson,Louis,721
Jackson,Mark,2282
Jackson,Ralph,860
Jackson,Richard,2225
Jackson,Roy,3606
Jackson,Russell,1054
Jackson,Samuel,2616
Jacobs,Aaron,4029
Jacobs,Angela,2917
Jacobs,Charles,368
Jacobs,Craig,529
Jacobs,Edward,2073
Jacobs,Fred,3194
Jacobs,Gary,2200
Jacobs,Jean,569
Jacobs,Jerry,2870
Jacobs,Jerry,49
Jacobs,Johnny,1162
Jacobs,Karen,3725
Jacobs,Kathleen,4141
Jacobs,Melissa,4593
Jacobs,Nicholas,4353
Jacobs,Phillip,1011
Jacobs,Rose,485
Jacobs,Samuel,2819
Jacobs,Virginia,4238
Jacobs,Walter,3995
James,Andrea,2978
James,Anthony,1252
James,Carlos,894
James,Deborah,986
James,Douglas,141
James,Elizabeth,4756
James,Jack,3187
James,Jesse,4346
James,Joan,2110
James,Joe,2934
James,Lois,2573
James,Matthew,3617
James,Philip,4794
James,Roger,1309
James,Tina,3913
James,Willie,1737
Jenkins,Andrew,1770
Jenkins,Angela,7
Jenkins,Brian,123
Jenkins,Denise,3092
Jenkins,Diane,78
Jenkins,Emily,550
Jenkins,Harold,2093
Jenkins,Jennifer,2340
Jenkins,Kimberly,4854
Jenkins,Marie,3203
Jenkins,Marilyn,518
Jenkins,Mary,3844
Jenkins,Michelle,2465
Jenkins,Norma,239
Jenkins,Theresa,218
Jenkins,Todd,3299
Jenkins,Virginia,1861
Johnson,Alan,4480
Johnson,Angela,3055
Johnson,Bobby,3173
Johnson,Dennis,4894
Johnson,Emily,1577
Johnson,Joshua,4467
Johnson,Justin,4992
Johnson,Pamela,2607
Johnson,Patricia,1671
Johnson,Robin,2994
Johnson,Roger,4307
Johnson,Virginia,2284
Johnston,Alice,4025
Johnston,Andrew,2477
Johnston,Arthur,3833
Johnston,Craig,607
Johnston,Craig,1492
Johnston,Edward,4485
Johnston,Eric,2888
Johnston,Jeffrey,1687
Johnston,Joan,2420
Johnston,Joseph,3050
Johnston,Keith,3798
Johnston,Lawrence,1233
Johnston,Lois,3197
Johnston,Mildred,1021
Johnston,Rebecca,1373
Jones,Ann,4262
Jones,Betty,1667
Jones,Bobby,1948
Jones,Charles,3176
Jones,Chris,1049
Jones,Cynthia,3878
Jones,Edward,3799
Jones,Irene,2904
Jones,Jeffrey,2239
Jones,Joseph,1452
Jones,Julia,2879
Jones,Karen,3694
Jones,Louis,2223
Jones,Louise,154
Jones,Marie,2212
Jones,Marilyn,4509
Jones,Mark,3983
Jones,Michelle,1266
Jones,Pamela,2781
Jones,Paul,2538
Jones,Robert,3421
Jones,Ruth,2706
Jones,Sara,1445
Jones,Shirley,640
Jones,Steven,551
Jones,Virginia,735
Jones,Virginia,3561
Jordan,Bobby,4670
Jordan,Catherine,2078
Jordan,Chris,3722
Jordan,Daniel,4877
Jordan,Denise,3647
Jordan,Dennis,3843
Jordan,Gary,4599
Jordan,Gloria,1943
Jordan,Jacqueline,3386
Jordan,James,4790
Jordan,Jeffrey,1936
Jordan,Jessica,4074
Jordan,Jimmy,59
Jordan,Martin,4179
Jordan,Richard,4229
Jordan,Roger,4519
Jordan,Rose,1438
Jordan,Ryan,3152
Kelley,Albert,1952
Kelley,Albert,552
Kelley,Carol,2621
Kelley,Charles,1696
Kelley,Christina,1108
Kelley,Christine,3616
Kelley,Cynthia,150
Kelley,Diane,1765
Kelley,Evelyn,1791
Kelley,Frances,2558
Kelley,Jeffrey,3750
Kelley,Joseph,2218
Kelley,Justin,4811
Kelley,Justin,3238
Kelley,Kathleen,2758
Kelley,Laura,1380
Kelley,Marilyn,2877
Kelley,Mary,4148
Kelley,Norma,3741
Kelley,Richard,3406
Kelley,Sean,3454
Kelly,Anna,727
Kelly,Ashley,1414
Kelly,Bruce,127
Kelly,Donald,4802
Kelly,Gerald,559
Kelly,Irene,512
Kelly,Jack,2248
Kelly,Jane,1757
Kelly,Janet,3367
Kelly,Jennifer,4650
Kelly,Jeremy,513
Kelly,Joan,2251
Kelly,Karen,3963
Kelly,Kathy,2402
Kelly,Lawrence,1363
Kelly,Mark,4403
Kelly,Melissa,4158
Kelly,Randy,4044
Kelly,Raymond,351
Kelly,Ronald,3361
Kelly,Roy,1837
Kelly,Russell,4524
Kelly,Samuel,4947
Kennedy,Brian,4373
Kennedy,Christine,3748
Kennedy,Douglas,2822
Kennedy,Eric,1997
Kennedy,Jack,9
Kennedy,James,3079
Kennedy,Jeffrey,1072
Kennedy,Jesse,1344
Kennedy,Jonathan,451
Kennedy,Jose,347
Kennedy,Michael,4848
Kennedy,Michael,3519
Kennedy,Michelle,1036
Kennedy,Michelle,4456
Kennedy,Patrick,28
Kennedy,Paul,3662
Kennedy,Rachel,1228
Kennedy,Randy,1829
Kennedy,Raymond,3698
Kennedy,Roy,3563
Kim,Aaron,4944
Kim,Andrea,2264
Kim,Anne,3527
Kim,Annie,3210
Kim,Douglas,4801
Kim,Earl,3972
Kim,Frances,3802
Kim,Heather,4722
Kim,Irene,941
Kim,Jeremy,4328
Kim,Johnny,870
Kim,Kathleen,3333
Kim,Maria,507
Kim,Marie,2651
Kim,Mary,178
Kim,Michael,3674
Kim,Michael,1524
Kim,Pamela,1416
Kim,Ralph,387
Kim,Raymond,242
Kim,Roger,137
Kim,Sara,1
Kim,Theresa,3866
King,Alan,4453
King,Amanda,2396
King,Antonio,2961
King,Barbara,2711
King,Edward,482
King,Ernest,3044
King,George,2940
King,Irene,2666
King,Joseph,2434
King,Joyce,805
King,Juan,4800
King,Keith,2113
King,Lisa,3416
King,Louise,4443
King,Mary,3148
King,Norma,2009
King,Paul,4542
Knight,Adam,4140
Knight,Anthony,1629
Knight,Barbara,1954
Knight,Billy,3304
Knight,Bonnie,1834
Knight,Carolyn,2228
Knight,Douglas,698
Knight,Eric,1247
Knight,Eric,1140
Knight,Frances,2468
Knight,Gary,3560
Knight,Howard,3805
Knight,Judith,1235
Knight,Judy,4143
Knight,Melissa,2916
Knight,Nicholas,1483
Knight,Paula,2046
Knight,Tina,2633
Knight,William,4759
Lane,Amy,815
Lane,Benjamin,2707
Lane,Carlos,441
Lane,Cynthia,1208
Lane,Gloria,4073
Lane,Jason,4818
Lane,Jimmy,2836
Lane,Jose,3967
Lane,Joyce,1422
Lane,Katherine,3812
Lane,Kathleen,1259
Lane,Kathryn,3129
Lane,Lisa,2992
Lane,Mark,4937
Lane,Nancy,3956
Lane,Richard,3321
Lane,Samuel,2996
Lane,Shawn,3716
Lane,Stephen,2330
Lane,Tammy,2057
Lane,Victor,14
Lane,Wayne,1064
Lane,William,2873
Larson,Adam,1583
Larson,Brenda,2926
Larson,Charles,3950
Larson,Cheryl,1432
Larson,David,184
Larson,Diana,4551
Larson,Dorothy,3720
Larson,Eric,4789
Larson,Henry,944
Larson,Henry,4275
Larson,James,4684
Larson,Jason,1618
Larson,Jeffrey,3019
Larson,Jeremy,3170
Larson,Justin,3737
Larson,Katherine,1283
Larson,Randy,3548
Larson,Teresa,2485
Lawrence,Alice,58
Lawrence,Amanda,2236
Lawrence,Antonio,1393
Lawrence,Antonio,1415
Lawrence,Beverly,1331
Lawrence,Diana,4118
Lawrence,Frank,2854
Lawrence,Fred,1915
Lawrence,Henry,4274
Lawrence,Jonathan,3816
Lawrence,Kimberly,2639
Lawrence,Margaret,4322
Lawrence,Sandra,788
Lawrence,Shawn,658
Lawrence,Shirley,1515
Lawrence,Stephen,580
Lawson,Christine,3294
Lawson,Denise,2680
Lawson,Diana,4875
Lawson,Ernest,924
Lawson,Frank,632
Lawson,Gerald,1924
Lawson,Gregory,3354
Lawson,Jesse,3229
Lawson,Jonathan,1240
Lawson,Justin,672
Lawson,Karen,4350
Lawson,Louis,2732
Lawson,Louise,2242
Lawson,Mary,3780
Lawson,Michelle,2479
Lawson,Patrick,1354
Lawson,Raymond,3772
Lawson,Raymond,1371
Lawson,Ronald,4513
Lawson,Steve,3145
Lee,Angela,159
Lee,Bobby,3756
Lee,Brandon,1774
Lee,Brenda,4106
Lee,Craig,2401
Lee,Elizabeth,2215
Lee,Fred,1916
Lee,George,3337
Lee,James,2090
Lee,Jean,532
Lee,Jimmy,2197
Lee,Joe,4019
Lee,Juan,185
Lee,Julia,3823
Lee,Julie,3834
Lee,Kathy,4416
Lee,Larry,3509
Lee,Lawrence,4094
Lee,Marilyn,733
Lee,Martin,472
Lee,Rose,2333
Lee,Ryan,4212
Lee,Scott,1307
Lee,Sharon,385
Lee,Teresa,3074
Lee,Terry,3165
Lee,Virginia,833
Lewis,Alan,1716
Lewis,Arthur,3734
Lewis,Beverly,4636
Lewis,Brandon,464
Lewis,Dennis,1232
Lewis,Irene,953
Lewis,Janice,509
Lewis,Jason,199
Lewis,Jerry,4225
Lewis,Jimmy,2311
Lewis,Juan,3326
Lewis,Judith,556
Lewis,Kevin,445
Lewis,Lillian,1142
Lewis,Marilyn,207
Lewis,Mark,1277
Lewis,Paul,2398
Lewis,Ruth,3385
Lewis,Shirley,2027
Lewis,Stephanie,3106
Little,Ashley,4626
Little,Daniel,4252
Little,Elizabeth,3567
Little,Howard,4897
Little,Jean,3704
Little,Joan,2077
Little,Joshua,1545
Little,Juan,587
Little,Lori,2444
Little,Louis,608
Little,Nicholas,3046
Little,Robin,1790
Little,Sara,4349
Little,Thomas,3669
Little,Wayne,3543
Little,Willie,1082
Long,Alan,2031
Long,Alan,1992
Long,Andrea,4995
Long,Christopher,3257
Long,Clarence,1218
Long,Daniel,2112
Long,Dennis,3665
Long,Fred,883
Long,Harry,1633
Long,Heather,3132
Long,Jack,3630
Long,Janice,4337
Long,Judy,888
Long,Kevin,1961
Long,Pamela,2785
Long,Roy,2726
Long,Russell,3059
Long,Ryan,4354
Long,Steven,2843
Long,Teresa,719
Long,Theresa,1641
Lopez,Andrew,3445
Lopez,Barbara,3122
Lopez,Beverly,3845
Lopez,Brenda,4730
Lopez,Brian,3225
Lopez,Catherine,3874
Lopez,Chris,3660
Lopez,Christopher,4962
Lopez,Eric,3121
Lopez,Fred,1493
Lopez,Gary,2776
Lopez,Harold,2496
Lopez,Helen,3072
Lopez,Helen,3482
Lopez,Jack,1886
Lopez,Joe,1590
Lopez,John,2371
Lopez,Judith,3250
Lopez,Kathleen,3700
Lopez,Keith,1145
Lopez,Norma,1040
Lopez,Robert,1597
Lopez,Roger,4812
Lopez,Ruby,827
Lopez,Stephanie,4901
Lopez,Steve,862
Lynch,Barbara,3323
Lynch,Bonnie,4108
Lynch,Carolyn,4752
Lynch,Frank,4186
Lynch,George,3601
Lynch,Harry,2864
Lynch,Howard,420
Lynch,Howard,4711
Lynch,Jason,1621
Lynch,Jose,4649
Lynch,Julie,62
Lynch,Karen,310
Lynch,Katherine,2271
Lynch,Laura,223
Lynch,Nicholas,3117
Lynch,Patrick,3884
Lynch,Phyllis,2364
Lynch,Sean,1159
Lynch,Stephanie,1300
Lynch,Steven,3682
Marshall,Andrew,1651
Marshall,Billy,3546
Marshall,Chris,1681
Marshall,Debra,3339
Marshall,Donald,3455
Marshall,Doris,1984
Marshall,Evelyn,4698
Marshall,Jack,253
Marshall,Judith,2923
Marshall,Katherine,2681
Marshall,Kathy,3516
Marshall,Lillian,2686
Marshall,Michelle,404
Marshall,Roy,1367
Marshall,Ryan,2480
Marshall,Sarah,2718
Marshall,Sarah,3537
Marshall,Thomas,1388
Marshall,Tina,3284
Martin,Anthony,3150
Martin,Beverly,3996
Martin,Brian,1932
Martin,Chris,1674
Martin,Jennifer,1338
Martin,Jerry,2493
Martin,Kathy,1186
Martin,Willie,3472
Martinez,Alice,4678
Martinez,Andrew,1413
Martinez,Andrew,1279
Martinez,Angela,2177
Martinez,Annie,4791
Martinez,Ashley,4123
Martinez,Carol,158
Martinez,Chris,2257
Martinez,Daniel,3125
Martinez,Henry,2600
Martinez,Henry,4549
Martinez,Justin,3710
Martinez,Kathryn,1093
Martinez,Kenneth,2713
Martinez,Larry,2910
Martinez,Marilyn,1610
Martinez,Norma,4924
Martinez,Randy,2063
Martinez,Rebecca,3904
Martinez,Ronald,3149
Martinez,Rose,530
Martinez,Sara,2858
Martinez,Sean,3638
Martinez,Shirley,3583
Martinez,Teresa,4653
Martinez,Thomas,4608
Mason,Alan,4952
Mason,Amanda,4459
Mason,Amy,2549
Mason,Anne,2125
Mason,Bonnie,4058
Mason,Brandon,4893
Mason,Carolyn,2147
Mason,Howard,4535
Mason,Irene,3359
Mason,Jack,3868
Mason,Jesse,4356
Mason,Joe,822
Mason,Katherine,192
Mason,Kathryn,2737
Mason,Keith,3954
Mason,Lillian,4355
Mason,Michelle,1027
Mason,Nicole,3240
Mason,Philip,3081
Mason,Phillip,4602
Mason,Tina,1764
Mason,Wayne,2052
Matthews,Amy,497
Matthews,Clarence,2011
Matthews,Cynthia,2224
Matthews,Doris,3338
Matthews,Helen,3595
Matthews,Jose,1141
Matthews,Joyce,2645
Matthews,Judith,3353
Matthews,Karen,4631
Matthews,Larry,1605
Matthews,Lillian,1062
Matthews,Linda,198
Matthews,Norma,1085
Matthews,Philip,1132
Matthews,Stephen,2688
Mccoy,Betty,2547
Mccoy,Brenda,2900
Mccoy,Carl,4514
Mccoy,Christina,2048
Mccoy,Donald,1377
Mccoy,Janice,2698
Mccoy,Joseph,643
Mccoy,Justin,798
Mccoy,Lori,1970
Mccoy,Louise,4200
Mccoy,Nancy,4675
Mccoy,Nancy,916
Mccoy,Rose,3889
Mccoy,Ryan,1653
Mccoy,Sara,3345
Mccoy,Susan,1047
Mccoy,Teresa,4286
Mccoy,Walter,3813
Mcdonald,Arthur,785
Mcdonald,Billy,2539
Mcdonald,Bonnie,2738
Mcdonald,Carlos,33
Mcdonald,Charles,4492
Mcdonald,Chris,1152
Mcdonald,Christopher,1768
Mcdonald,Donna,4384
Mcdonald,Donna,934
Mcdonald,Julia,4732
Mcdonald,Marie,2272
Mcdonald,Mark,4272
Mcdonald,Patrick,2973
Mcdonald,Randy,208
Mcdonald,Ronald,4719
Mcdonald,Sean,2875
Mcdonald,Tina,4335
Medina,Alan,780
Medina,Barbara,2924
Medina,Carolyn,690
Medina,Daniel,3296
Medina,David,292
Medina,Diana,1723
Medina,Donald,1179
Medina,Fred,229
Medina,Henry,2852
Medina,Jennifer,852
Medina,Joyce,1246
Medina,Julie,3909
Medina,Katherine,3490
Medina,Kathleen,3870
Medina,Keith,3712
Medina,Laura,2745
Medina,Rachel,4622
Medina,Timothy,3076
Mendoza,Amanda,4245
Mendoza,Denise,2254
Mendoza,Edward,1131
Mendoza,Harold,2704
Mendoza,Jeremy,4113
Mendoza,Jimmy,250
Mendoza,Joan,2293
Mendoza,Jonathan,1134
Mendoza,Joshua,4766
Mendoza,Judith,4651
Mendoza,Justin,2028
Mendoza,Kathleen,1946
Mendoza,Kathy,3078
Mendoza,Kathy,4835
Mendoza,Maria,1919
Mendoza,Paul,2967
Mendoza,Raymond,1520
Mendoza,Rebecca,419
Mendoza,Ryan,17
Mendoza,Steven,2075
Mendoza,Theresa,1261
Mendoza,Walter,4862
Mendoza,Willie,107
Meyer,Amanda,1788
Meyer,Andrea,1297
Meyer,Anna,1009
Meyer,Christopher,1867
Meyer,Christopher,3605
Meyer,Deborah,4195
Meyer,Doris,1193
Meyer,Earl,2589
Meyer,Ernest,4005
Meyer,Harry,3603
Meyer,Jean,4917
Meyer,Joyce,1803
Meyer,Juan,2342
Meyer,Kelly,4543
Meyer,Matthew,3503
Meyer,Roger,2442
Meyer,Ruth,2270
Meyer,Scott,2640
Meyer,Theresa,440
Meyer,Timothy,3929
Meyer,Timothy,1211
Meyer,Virginia,633
Miller,Alice,1372
Miller,Amy,3514
Miller,Anne,4052
Miller,Donna,4016
Miller,Henry,826
Miller,Howard,1751
Miller,Irene,4642
Miller,Janet,213
Miller,Janice,1357
Miller,Jeffrey,676
Miller,Jeremy,3811
Miller,Jesse,2473
Miller,Joe,2960
Miller,Roger,4843
Miller,Ruth,2244
Miller,Samuel,599
Miller,Tina,3468
Miller,Victor,1254
Mills,Antonio,498
Mills,Beverly,3821
Mills,Bobby,353
Mills,Carol,2357
Mills,Carolyn,1965
Mills,Charles,1828
Mills,Cheryl,359
Mills,Clarence,4399
Mills,Evelyn,4635
Mills,Larry,1046
Mills,Lawrence,4401
Mills,Margaret,2058
Mills,Mary,418
Mills,Michelle,4566
Mills,Paula,3063
Mills,Ruby,4419
Mills,Ruby,474
Mills,Shawn,4347
Mills,Thomas,142
Mills,Virginia,3890
Mitchell,Andrea,2972
Mitchell,Angela,4597
Mitchell,Bobby,2310
Mitchell,Bonnie,3012
Mitchell,Christina,3467
Mitchell,Daniel,2382
Mitchell,Janice,581
Mitchell,Jessica,3952
Mitchell,Joan,3871
Mitchell,Joshua,4501
Mitchell,Joshua,4240
Mitchell,Justin,590
Mitchell,Marie,4263
Mitchell,Marilyn,1559
Mitchell,Matthew,1824
Mitchell,Patricia,4394
Mitchell,Patricia,1291
Mitchell,Philip,4595
Mitchell,Phillip,2181
Mitchell,Ronald,1514
Mitchell,Roy,2720
Mitchell,Roy,65
Mitchell,Sara,1810
Mitchell,Steven,2085
Mitchell,Timothy,4170
Montgomery,Ann,4982
Montgomery,Christopher,4268
Montgomery,Craig,3479
Montgomery,David,41
Montgomery,Deborah,1942
Montgomery,Doris,493
Montgomery,Joe,1862
Montgomery,Judith,2261
Montgomery,Julie,2062
Montgomery,Julie,3635
Montgomery,Katherine,2495
Montgomery,Kathryn,1850
Montgomery,Larry,409
Montgomery,Mildred,1311
Montgomery,Ralph,4634
Montgomery,Victor,1244
Moore,Amanda,4190
Moore,Brian,4039
Moore,Donna,1423
Moore,Dorothy,4807
Moore,Edward,1420
Moore,Gary,1368
Moore,Jacqueline,2626
Moore,Janet,2971
Moore,Jennifer,4687
Moore,Jeremy,4055
Moore,Johnny,3131
Moore,Judith,4178
Moore,Judy,2543
Moore,Keith,360
Moore,Martha,1743
Moore,Patricia,4168
Moore,Philip,3502
Moore,Phyllis,2114
Moore,Todd,901
Morales,Adam,3513
Morales,Amanda,3881
Morales,Ann,363
Morales,Betty,3632
Morales,Christina,4112
Morales,Daniel,1998
Morales,Heather,1589
Morales,Jeffrey,1742
Morales,Jessica,1612
Morales,Jessica,2168
Morales,Laura,951
Morales,Lillian,553
Morales,Linda,3243
Morales,Michelle,2280
Morales,Phillip,4825
Morales,Phillip,217
Morales,Randy,143
Morales,Russell,4582
Morales,Teresa,1775
Morales,Wayne,878
Moreno,Angela,4620
Moreno,Anne,3994
Moreno,Antonio,2334
Moreno,Carol,1731
Moreno,Cheryl,594
Moreno,Elizabeth,4845
Moreno,Eric,3530
Moreno,Jeffrey,4984
Moreno,Ralph,2622
Moreno,Ruby,4138
Moreno,Susan,2628
Moreno,Teresa,2829
Moreno,Wanda,674
Morgan,Adam,2697
Morgan,Andrea,2154
Morgan,Ann,1099
Morgan,Christina,3875
Morgan,Eugene,4590
Morgan,Evelyn,1821
Morgan,Harold,3926
Morgan,Jason,2167
Morgan,Jonathan,3863
Morgan,Joseph,2453
Morgan,Karen,2927
Morgan,Kathleen,4243
Morgan,Kathryn,2522
Morgan,Nancy,1966
Morgan,Paul,1067
Morgan,Samuel,3060
Morgan,Sharon,4351
Morgan,Todd,2132
Morris,Adam,1376
Morris,Adam,4407
Morris,Eric,750
Morris,Ernest,3500
Morris,Ernest,4821
Morris,Harold,4043
Morris,Janice,4049
Morris,John,1773
Morris,Larry,3424
Morris,Larry,2060
Morris,Lisa,4477
Morris,Margaret,2105
Morris,Maria,2166
Morris,Marie,2770
Morris,Mary,2794
Morris,Shirley,969
Morris,Walter,2509
Morrison,Anna,243
Morrison,Brian,919
Morrison,Bruce,4360
Morrison,Clarence,1094
Morrison,Dorothy,2650
Morrison,Gerald,2644
Morrison,Jacqueline,322
Morrison,Jeffrey,343
Morrison,Joan,683
Morrison,Joe,1816
Morrison,Jonathan,4344
Morrison,Kenneth,2020
Morrison,Lisa,2336
Morrison,Nancy,3654
Morrison,Nicole,3428
Morrison,Peter,4521
Morrison,Rachel,578
Morrison,Scott,3696
Morrison,Sean,2000
Morrison,Shirley,2165
Morrison,Susan,4051
Morrison,Virginia,4241
Morrison,Walter,4769
Morrison,Wayne,1466
Murphy,Andrea,1724
Murphy,Anne,4600
Murphy,Annie,3912
Murphy,Carlos,2613
Murphy,Catherine,3473
Murphy,Daniel,1798
Murphy,Daniel,2464
Murphy,Donna,3853
Murphy,Ernest,2458
Murphy,George,1386
Murphy,Heather,3322
Murphy,Henry,4420
Murphy,Howard,4127
Murphy,Jacqueline,3342
Murphy,Jimmy,703
Murphy,Kelly,323
Murphy,Randy,4087
Murphy,Robin,1705
Murphy,Samuel,3465
Murphy,Scott,3885
Murphy,Sharon,555
Murphy,Steven,1044
Murphy,Teresa,4847
Murphy,Timothy,3000
Murphy,Tina,2865
Murphy,Todd,1533
Murray,Ann,898
Murray,Benjamin,2658
Murray,Carol,4194
Murray,Chris,266
Murray,Denise,880
Murray,Ernest,1544
Murray,Gregory,3043
Murray,James,4967
Murray,Joshua,4878
Murray,Lori,1967
Murray,Lori,47
Murray,Mary,1587
Murray,Philip,3090
Murray,Ralph,3769
Murray,Raymond,3659
Murray,Ruby,506
Murray,Ryan,926
Myers,Anne,3474
Myers,Brian,802
Myers,Christine,1453
Myers,Deborah,612
Myers,Diane,2771
Myers,Donald,4587
Myers,Howard,2297
Myers,Howard,741
Myers,Jack,4558
Myers,Johnny,3255
Myers,Joyce,4870
Myers,Kathryn,3738
Myers,Paula,4879
Myers,Ralph,1925
Myers,Sara,2623
Myers,Wayne,520
Nelson,Andrew,1882
Nelson,Christina,1512
Nelson,Christopher,1398
Nelson,Debra,2328
Nelson,Eugene,1118
Nelson,Frank,2615
Nelson,Fred,4971
Nelson,Gary,534
Nelson,Janice,3179
Nelson,Jean,3745
Nelson,Jessica,484
Nelson,Jimmy,3235
Nelson,Joe,3559
Nelson,Kenneth,26
Nelson,Louise,204
Nelson,Rachel,1593
Nelson,Ronald,1076
Nelson,Samuel,1294
Nelson,Teresa,4306
Nguyen,Albert,2030
Nguyen,Brandon,1710
Nguyen,Carl,769
Nguyen,Craig,1814
Nguyen,Diane,4161
Nguyen,Edward,3744
Nguyen,Gary,2668
Nguyen,Juan,2319
Nguyen,Kimberly,2811
Nguyen,Lois,799
Nguyen,Mary,3305
Nguyen,Ralph,665
Nguyen,Ralph,4447
Nguyen,Randy,1470
Nguyen,Richard,896
Nguyen,Scott,4809
Nguyen,Theresa,3947
Nguyen,Timothy,3459
Nguyen,Wanda,4033
Nichols,Carlos,1982
Nichols,Christopher,2882
Nichols,Douglas,1795
Nichols,Gregory,3430
Nichols,Jeffrey,958
Nichols,Jerry,2107
Nichols,Jimmy,4778
Nichols,Maria,921
Nichols,Mark,650
Nichols,Nicholas,21
Nichols,Patricia,4068
Nichols,Paul,1838
Nichols,Ryan,1709
Nichols,Tammy,3232
Nichols,Willie,582
Oliver,Aaron,2842
Oliver,Alan,2213
Oliver,Andrew,832
Oliver,Betty,793
Oliver,Bobby,2390
Oliver,Bonnie,1832
Oliver,Bruce,928
Oliver,Carol,2400
Oliver,Carolyn,4270
Oliver,Christine,3964
Oliver,Clarence,4271
Oliver,Dennis,4493
Oliver,Diane,2814
Oliver,Edward,2190
Oliver,Ernest,4926
Oliver,Jeffrey,4072
Oliver,Jerry,4169
Oliver,Jimmy,3104
Oliver,Judith,3435
Oliver,Lillian,1558
Oliver,Lillian,86
Oliver,Lisa,1224
Oliver,Louise,1537
Oliver,Martin,2566
Oliver,Ronald,904
Oliver,Sean,3506
Oliver,Sharon,36
Oliver,Shawn,751
Olson,Anna,999
Olson,Antonio,206
Olson,Cynthia,2597
Olson,Diana,2367
Olson,Diane,4154
Olson,Dorothy,706
Olson,Elizabeth,1119
Olson,Frank,1171
Olson,Fred,2963
Olson,Gregory,3308
Olson,Harold,3766
Olson,Jack,1772
Olson,James,4137
Olson,Joe,3491
Olson,Julie,325
Olson,Marie,4518
Olson,Peter,4683
Olson,Ruby,2338
Olson,Stephanie,4737
Olson,Theresa,4184
Olson,Wanda,2148
Olson,Wayne,3396
Ortiz,Amanda,4734
Ortiz,Amy,2556
Ortiz,Annie,3695
Ortiz,Carl,4135
Ortiz,Cynthia,4965
Ortiz,Doris,2373
Ortiz,Jennifer,1226
Ortiz,Jimmy,716
Ortiz,John,2019
Ortiz,Julia,1542
Ortiz,Larry,39
Ortiz,Maria,4784
Ortiz,Pamela,4345
Ortiz,Raymond,533
Ortiz,Richard,1658
Ortiz,Stephanie,652
Ortiz,Timothy,2483
Owens,Albert,3679
Owens,Amy,1178
Owens,Antonio,2484
Owens,Catherine,511
Owens,Christopher,3795
Owens,Frank,4070
Owens,James,3352
Owens,Jeffrey,1579
Owens,Jerry,3718
Owens,Joshua,1003
Owens,Justin,972
Owens,Kimberly,345
Owens,Lawrence,1230
Owens,Lillian,3175
Owens,Maria,475
Owens,Michelle,4869
Owens,Richard,2793
Owens,Ruby,105
Owens,Stephanie,2528
Owens,Virginia,861
Owens,Willie,2659
Owens,Willie,61
Palmer,Amy,3975
Palmer,Anna,3068
Palmer,Ashley,2942
Palmer,Carol,4089
Palmer,Chris,2602
Palmer,Donald,3978
Palmer,Edward,4998
Palmer,Gregory,3045
Palmer,Henry,171
Palmer,Jane,4288
Palmer,Joe,2211
Palmer,Jonathan,4479
Palmer,Joshua,876
Palmer,Lisa,1855
Palmer,Louise,2069
Palmer,Martin,3449
Palmer,Martin,187
Palmer,Patrick,4659
Palmer,Philip,4736
Palmer,Sharon,3266
Palmer,Timothy,149
Palmer,Virginia,3919
Parker,Annie,2443
Parker,Annie,1933
Parker,Beverly,4922
Parker,Brandon,1433
Parker,Charles,3656
Parker,Diane,4305
Parker,Evelyn,526
Parker,Frank,4213
Parker,Heather,1842
Parker,Janet,1973
Parker,Joe,4945
Parker,John,399
Parker,Johnny,1253
Parker,Judy,4317
Parker,Julie,2411
Parker,Kathy,3623
Parker,Maria,1877
Parker,Patrick,2936
Parker,Paula,1362
Parker,Shawn,2591
Parker,Steve,1136
Parker,Steve,4925
Parker,Thomas,1203
Parker,Tina,1576
Patterson,Aaron,4781
Patterson,Arthur,2874
Patterson,Barbara,3593
Patterson,Bruce,3646
Patterson,Daniel,2845
Patterson,Elizabeth,1323
Patterson,Eugene,2016
Patterson,Gregory,4075
Patterson,Henry,3070
Patterson,Jean,4777
Patterson,Jerry,3112
Patterson,Lisa,2773
Patterson,Marilyn,2174
Patterson,Matthew,2219
Patterson,Nancy,1721
Patterson,Phyllis,103
Patterson,Robert,3708
Payne,Annie,2763
Payne,Benjamin,3648
Payne,David,2306
Payne,Diana,2482
Payne,George,4142
Payne,Gerald,4763
Payne,Henry,1156
Payne,Jesse,1881
Payne,Johnny,4540
Payne,Joshua,4743
Payne,Judy,2955
Payne,Lillian,869
Payne,Marie,4046
Payne,Patrick,3434
Payne,Paula,1516
Payne,Thomas,4426
Payne,Wayne,125
Perez,Andrea,4491
Perez,Angela,3939
Perez,Angela,3898
Perez,Anthony,2812
Perez,Bruce,1614
Perez,Daniel,917
Perez,Denise,611
Perez,Dorothy,1382
Perez,Emily,4290
Perez,Jane,718
Perez,Jane,174
Perez,Joseph,2416
Perez,Katherine,686
Perez,Kathryn,1022
Perez,Kelly,3931
Perez,Lisa,16
Perez,Lois,3190
Perez,Melissa,4196
Perez,Michael,678
Perkins,Aaron,2369
Perkins,Antonio,1023
Perkins,Bobby,4564
Perkins,Dorothy,3335
Perkins,Jennifer,134
Perkins,Jimmy,2782
Perkins,Joe,882
Perkins,Joshua,3953
Perkins,Linda,4266
Perkins,Louis,630
Perkins,Matthew,3993
Perkins,Norma,227
Perkins,Patricia,1846
Perkins,Roger,4738
Perkins,Russell,4465
Perkins,Russell,2026
Perkins,Ryan,3701
Perkins,Teresa,4912
Perkins,Timothy,3786
Perkins,Virginia,2331
Perry,Andrea,1543
Perry,Ashley,3377
Perry,Catherine,1962
Perry,David,3114
Perry,Denise,1308
Perry,Dorothy,3189
Perry,Emily,490
Perry,Eric,2743
Perry,Evelyn,1929
Perry,Frances,3241
Perry,Jeffrey,3432
Perry,Jose,2795
Perry,Judy,623
Perry,Katherine,412
Perry,Kathleen,3202
Perry,Maria,3498
Perry,Peter,3248
Perry,Randy,4882
Perry,Rebecca,2481
Perry,Sean,2137
Perry,Stephen,4920
Peters,Aaron,2450
Peters,Anne,390
Peters,Annie,457
Peters,Antonio,2520
Peters,Arthur,2997
Peters,Brenda,3896
Peters,Carolyn,4629
Peters,Clarence,561
Peters,Craig,2921
Peters,Daniel,4198
Peters,Diana,2356
Peters,Emily,1351
Peters,Jennifer,929
Peters,Jerry,119
Peters,Johnny,3423
Peters,Kathryn,2519
Peters,Lawrence,1370
Peters,Maria,1348
Peters,Steven,865
Peters,Theresa,435
Peterson,Betty,3640
Peterson,Bruce,2204
Peterson,Catherine,1139
Peterson,Charles,963
Peterson,Harold,1910
Peterson,Harold,3400
Peterson,Howard,1161
Peterson,Jean,4478
Peterson,Joan,4712
Peterson,Katherine,2578
Peterson,Kelly,2516
Peterson,Laura,4105
Peterson,Linda,4361
Peterson,Linda,333
Peterson,Matthew,4247
Peterson,Michelle,2760
Peterson,Michelle,2494
Peterson,Mildred,1069
Peterson,Paula,3254
Peterson,Raymond,3747
Peterson,Sara,151
Peterson,Tammy,4159
Peterson,Todd,4507
Peterson,Willie,1215
Phillips,Anthony,2417
Phillips,Brandon,2322
Phillips,Brian,2783
Phillips,Elizabeth,5
Phillips,Gary,4383
Phillips,Jack,809
Phillips,Joseph,4676
Phillips,Kelly,1645
Phillips,Lisa,4235
Phillips,Lisa,2013
Phillips,Martha,405
Phillips,Michelle,2981
Phillips,Nancy,890
Phillips,Paula,2986
Phillips,Robin,1750
Phillips,Robin,868
Phillips,Stephen,889
Phillips,Tammy,2307
Phillips,Theresa,2206
Phillips,Thomas,1903
Phillips,William,1519
Pierce,Alan,1358
Pierce,Alice,2004
Pierce,Ashley,4321
Pierce,Betty,3709
Pierce,Carlos,1584
Pierce,Donna,3981
Pierce,Gary,335
Pierce,James,755
Pierce,Jason,4520
Pierce,Lori,1451
Pierce,Mary,1449
Pierce,Norma,4739
Pierce,Patricia,4283
Pierce,Paul,2989
Pierce,Peter,4064
Pierce,Phillip,3427
Pierce,Rachel,4758
Pierce,Rebecca,1568
Pierce,Sharon,3883
Pierce,Stephen,845
Porter,Betty,4716
Porter,Betty,3332
Porter,Christopher,4062
Porter,Daniel,3289
Porter,Diane,3128
Porter,Donald,1695
Porter,Donna,1665
Porter,Douglas,4813
Porter,Elizabeth,3867
Porter,Gary,1205
Porter,Harold,109
Porter,Harry,2056
Porter,Jack,1532
Porter,James,1845
Porter,Jeremy,4299
Porter,Joan,1295
Porter,Kevin,662
Porter,Linda,3636
Porter,Lois,1446
Porter,Mark,4259
Porter,Pamela,1250
Porter,Rachel,3790
Porter,Ralph,2943
Porter,Ruth,1458
Porter,Stephanie,182
Porter,Wanda,4424
Powell,Andrea,4378
Powell,Anne,1347
Powell,Beverly,2857
Powell,Bobby,4979
Powell,Charles,1679
Powell,Christina,2970
Powell,Deborah,1698
Powell,Dorothy,2664
Powell,Gerald,2802
Powell,James,2252
Powell,Jonathan,4989
Powell,Joshua,3357
Powell,Larry,2363
Powell,Marie,3182
Powell,Martha,847
Powell,Nicole,2765
Powell,Paul,4251
Powell,William,1024
Price,Aaron,18
Price,Alan,1507
Price,Benjamin,4714
Price,Benjamin,1284
Price,Christina,4958
Price,Craig,4771
Price,David,2352
Price,Diana,1892
Price,Donald,2329
Price,Helen,1836
Price,Henry,3562
Price,Henry,2889
Price,Jason,2965
Price,Jennifer,2581
Price,Jesse,2956
Price,Johnny,3018
Price,Lori,397
Price,Pamela,4899
Price,Peter,1884
Price,Roger,3412
Price,Rose,1937
Price,Stephen,4472
Ramirez,Andrea,4303
Ramirez,Bruce,3731
Ramirez,Harold,1939
Ramirez,Janice,3410
Ramirez,John,3267
Ramirez,Julia,2119
Ramirez,Katherine,1548
Ramirez,Kevin,624
Ramirez,Laura,2140
Ramirez,Lillian,4379
Ramirez,Linda,4204
Ramirez,Maria,3051
Ramirez,Maria,437
Ramirez,Martin,968
Ramirez,Norma,4903
Ramirez,Norma,3020
Ramirez,Peter,131
Ramirez,Rachel,1868
Ramirez,Randy,32
Ramirez,Raymond,959
Ramirez,Rose,38
Ramirez,Stephen,1384
Ramirez,Virginia,528
Ramirez,Wanda,2217
Ramirez,Wayne,2413
Ramos,Brian,4556
Ramos,Debra,1771
Ramos,Diana,4785
Ramos,Frank,1907
Ramos,Gerald,1318
Ramos,Gregory,201
Ramos,Howard,1527
Ramos,Irene,4916
Ramos,Jennifer,4665
Ramos,John,197
Ramos,Kenneth,1020
Ramos,Matthew,4393
Ramos,Philip,3822
Ramos,Ralph,4571
Ramos,Raymond,3458
Ramos,Robin,4311
Ramos,Robin,1472
Ramos,Ruby,1263
Ramos,Tina,1424
Ramos,Virginia,2947
Ramos,William,730
Ray,Ann,2677
Ray,Beverly,1328
Ray,Bonnie,1100
Ray,David,1335
Ray,Donald,4147
Ray,Harold,4748
Ray,Heather,2172
Ray,Howard,3749
Ray,Lawrence,4707
Ray,Lillian,1068
Ray,Lillian,1852
Ray,Maria,1685
Ray,Marie,1528
Ray,Patrick,4232
Ray,Phyllis,232
Ray,Russell,1037
Ray,Sharon,3355
Ray,Theresa,3970
Ray,Todd,4856
Reed,Aaron,370
Reed,Albert,1497
Reed,Brian,856
Reed,Bruce,1523
Reed,Christina,2259
Reed,Daniel,4871
Reed,Harry,3192
Reed,Howard,4083
Reed,Janice,4580
Reed,Jeffrey,3999
Reed,Juan,4423
Reed,Martin,297
Reed,Rose,846
Reed,Ruby,382
Reed,Samuel,4991
Reed,Sandra,1144
Reed,Shawn,1184
Reid,Amy,4364
Reid,Clarence,4930
Reid,Clarence,3619
Reid,Dennis,2826
Reid,Edward,2663
Reid,Ernest,3573
Reid,Gary,3988
Reid,Heather,1895
Reid,Jesse,947
Reid,Jonathan,3256
Reid,Katherine,1469
Reid,Kathleen,2674
Reid,Lois,3327
Reid,Lori,1747
Reid,Maria,725
Reid,Marilyn,2856
Reid,Nancy,15
Reid,Rose,1115
Reid,Roy,3782
Reid,Ryan,2565
Reid,Steven,4695
Reid,Victor,2129
Reid,Wanda,94
Reyes,Alan,1938
Reyes,Andrew,4080
Reyes,Annie,4880
Reyes,Arthur,110
Reyes,Benjamin,1221
Reyes,Benjamin,263
Reyes,Carol,3407
Reyes,Christine,1760
Reyes,Donald,573
Reyes,Frank,1121
Reyes,Gerald,2853
Reyes,Harry,1808
Reyes,Heather,2427
Reyes,Jennifer,2599
Reyes,Joe,2595
Reyes,Juan,1464
Reyes,Judy,709
Reyes,Lisa,978
Reyes,Margaret,818
Reyes,Michael,3005
Reyes,Pamela,4841
Reyes,Patrick,3389
Reyes,Raymond,1060
Reyes,Ronald,1700
Reyes,Teresa,4591
Reyes,Theresa,1675
Reynolds,Alice,4674
Reynolds,Amy,4267
Reynolds,Chris,4297
Reynolds,Christine,4596
Reynolds,Debra,1213
Reynolds,Jacqueline,3398
Reynolds,Joe,3762
Reynolds,Jose,664
Reynolds,Lillian,2256
Reynolds,Phyllis,3448
Reynolds,Terry,2008
Rice,Amy,1165
Rice,Antonio,1622
Rice,Billy,4740
Rice,Brian,4475
Rice,Charles,4329
Rice,David,819
Rice,David,4666
Rice,Emily,2313
Rice,Harry,2579
Rice,Henry,2957
Rice,Joan,1663
Rice,Justin,1355
Rice,Linda,3960
Rice,Lois,63
Rice,Mary,1185
Rice,Peter,447
Rice,Roy,923
Rice,Steven,4192
Rice,Tammy,4704
Rice,Virginia,2143
Richards,Adam,2798
Richards,Ann,1127
Richards,Ashley,4197
Richards,Catherine,117
Richards,Christine,2511
Richards,Clarence,3058
Richards,Dorothy,696
Richards,Ernest,4517
Richards,George,2787
Richards,Janet,2571
Richards,Jean,3862
Richards,Jesse,2245
Richards,Jimmy,3521
Richards,Jimmy,160
Richards,Justin,3207
Richards,Kathryn,4136
Richards,Keith,257
Richards,Marie,4348
Richards,Marie,1827
Richards,Mark,115
Richards,Raymond,1164
Richards,Tammy,855
Richards,Timothy,2141
Richards,Virginia,3528
Richardson,Amanda,1148
Richardson,Anne,2583
Richardson,Barbara,2618
Richardson,Brian,4188
Richardson,Christina,2652
Richardson,Debra,4362
Richardson,Frank,3471
Richardson,Heather,4747
Richardson,Heather,4092
Richardson,Jane,2087
Richardson,Joyce,3764
Richardson,Kenneth,3962
Richardson,Raymond,4579
Richardson,Raymond,641
Richardson,Richard,1697
Richardson,Richard,4003
Richardson,Russell,4589
Richardson,Scott,4669
Richardson,Tammy,70
Richardson,Teresa,287
Richardson,Thomas,1459
Riley,Aaron,1749
Riley,Andrew,1456
Riley,Barbara,3649
Riley,Carolyn,4258
Riley,Cheryl,1441
Riley,Frank,3346
Riley,Gary,2560
Riley,Howard,3829
Riley,Janice,3086
Riley,Katherine,1894
Riley,Kathryn,2142
Riley,Kathy,1083
Riley,Kenneth,4755
Riley,Louis,4970
Riley,Mary,1333
Riley,Raymond,3685
Riley,Willie,1625
Rivera,Alan,4028
Rivera,Andrew,3927
Rivera,Brian,1155
Rivera,Charles,450
Rivera,Cheryl,1457
Rivera,Christine,693
Rivera,Clarence,3658
Rivera,Debra,2067
Rivera,George,173
Rivera,Jack,515
Rivera,Jimmy,4085
Rivera,Joan,1360
Rivera,Julie,374
Rivera,Kimberly,3403
Rivera,Margaret,1573
Rivera,Martha,4746
Rivera,Michael,45
Rivera,Nicholas,2006
Rivera,Patrick,2418
Rivera,Rebecca,1084
Rivera,Scott,2035
Rivera,Sean,4327
Rivera,Stephen,4191
Rivera,Steve,2517
Rivera,Thomas,742
Roberts,Albert,1917
Roberts,Amanda,4969
Roberts,Andrea,449
Roberts,Brenda,4774
Roberts,Carlos,179
Roberts,Carol,1444
Roberts,Charles,1008
Roberts,Daniel,252
Roberts,Diana,2656
Roberts,Douglas,122
Roberts,Edward,4152
Roberts,Evelyn,442
Roberts,Helen,516
Roberts,Jason,3820
Roberts,Jimmy,1820
Roberts,Maria,563
Roberts,Martha,4410
Roberts,Mildred,592
Roberts,Phillip,4988
Roberts,Phillip,2387
Roberts,Stephen,1281
Roberts,Steve,4934
Roberts,Tammy,3921
Roberts,William,2191
Robertson,Angela,839
Robertson,Angela,2452
Robertson,Betty,1111
Robertson,Brian,4803
Robertson,Carol,4368
Robertson,Craig,4849
Robertson,David,4111
Robertson,Denise,73
Robertson,Fred,791
Robertson,Heather,997
Robertson,Jack,3023
Robertson,James,1270
Robertson,Jesse,400
Robertson,Joseph,1434
Robertson,Lawrence,3113
Robertson,Lisa,3107
Robertson,Lisa,1847
Robertson,Nicole,770
Robertson,Russell,2855
Robertson,Sarah,2521
Robertson,Willie,2192
Robinson,Diane,3318
Robinson,Harry,2489
Robinson,Harry,4370
Robinson,Jane,4026
Robinson,Jean,3899
Robinson,Jennifer,2846
Robinson,Julia,3188
Robinson,Kathryn,879
Robinson,Martha,2610
Robinson,Mary,3205
Robinson,Pamela,3858
Robinson,Virginia,2061
Robinson,Wayne,964
Rodriguez,Antonio,237
Rodriguez,Joseph,3526
Rodriguez,Juan,91
Rodriguez,Lillian,1678
Rodriguez,Lisa,371
Rodriguez,Matthew,4673
Rodriguez,Nicole,3157
Rodriguez,Paul,3253
Rodriguez,Ralph,366
Rodriguez,Sarah,3446
Rodriguez,Shirley,2553
Rodriguez,Susan,3006
Rodriguez,Victor,2984
Rogers,Aaron,4402
Rogers,Anne,2053
Rogers,Eugene,3234
Rogers,Jane,2946
Rogers,Judith,85
Rogers,Judy,2915
Rogers,Julie,2117
Rogers,Lawrence,3703
Rogers,Linda,828
Rogers,Marie,4223
Rogers,Matthew,3291
Rogers,Michael,2163
Rogers,Robert,3634
Rogers,Sandra,3309
Rogers,Teresa,1465
Rogers,Victor,2278
Romero,Alan,4833
Romero,Andrew,1052
Romero,Bruce,1540
Romero,Catherine,4454
Romero,Debra,2460
Romero,Harold,3757
Romero,Jack,4721
Romero,Jimmy,4442
Romero,Jose,316
Romero,Julia,542
Romero,Justin,3495
Romero,Katherine,504
Romero,Katherine,3325
Romero,Lisa,4691
Romero,Maria,425
Romero,Martha,990
Romero,Michael,584
Romero,Randy,4895
Romero,Tina,4295
Romero,Tina,2393
Rose,Amanda,1327
Rose,Amanda,2255
Rose,Bruce,1733
Rose,Diana,2246
Rose,Frank,2803
Rose,Harold,4783
Rose,Jason,2216
Rose,Jerry,2609
Rose,Justin,747
Rose,Lisa,4981
Rose,Nancy,3540
Rose,Patricia,857
Rose,Paula,3457
Rose,Ryan,4950
Rose,Sharon,3242
Rose,Shirley,711
Rose,Teresa,2375
Ross,Albert,3590
Ross,Amanda,1809
Ross,Beverly,23
Ross,Carolyn,4623
Ross,Craig,1217
Ross,Donald,3401
Ross,Gregory,1401
Ross,Helen,647
Ross,Helen,1706
Ross,Janet,102
Ross,Jennifer,657
Ross,Jonathan,1980
Ross,Jonathan,1455
Ross,Louise,1361
Ross,Martin,443
Ross,Rachel,3478
Ross,Rebecca,3850
Ross,Susan,776
Ruiz,Amanda,1114
Ruiz,Angela,2372
Ruiz,Anna,2544
Ruiz,Antonio,4941
Ruiz,Ashley,3481
Ruiz,Cheryl,4933
Ruiz,Chris,2422
Ruiz,Christine,1417
Ruiz,Debra,236
Ruiz,Diana,4308
Ruiz,Gloria,992
Ruiz,Janet,4405
Ruiz,Jean,348
Ruiz,Karen,2893
Ruiz,Katherine,4860
Ruiz,Linda,4547
Ruiz,Michael,3828
Ruiz,Michael,4013
Ruiz,Pamela,545
Ruiz,Patrick,572
Ruiz,Phillip,2070
Ruiz,Roy,768
Ruiz,Sara,2608
Ruiz,Wayne,4892
Russell,Barbara,2703
Russell,Benjamin,2285
Russell,Carolyn,139
Russell,David,1858
Russell,Donald,1971
Russell,Fred,854
Russell,Harry,4417
Russell,Heather,2809
Russell,Johnny,4680
Russell,Judy,503
Russell,Julia,319
Russell,Katherine,2993
Russell,Katherine,434
Russell,Kelly,124
Russell,Lisa,2510
Russell,Lisa,4404
Russell,Lois,500
Russell,Michael,743
Russell,Paula,694
Russell,Ralph,2201
Russell,Sarah,1617
Russell,Susan,1748
Ryan,Albert,1276
Ryan,Andrea,4570
Ryan,Andrew,2380
Ryan,Betty,1581
Ryan,Betty,4406
Ryan,Bobby,4157
Ryan,Carol,1326
Ryan,Clarence,148
Ryan,Denise,748
Ryan,Donna,4768
Ryan,Doris,3466
Ryan,Fred,3846
Ryan,Johnny,3369
Ryan,Jose,261
Ryan,Joshua,4836
Ryan,Justin,1688
Ryan,Kimberly,4076
Ryan,Louis,3118
Ryan,Louise,2678
Ryan,Mark,1050
Ryan,Peter,1518
Ryan,Phillip,4386
Ryan,Theresa,2127
Ryan,Wanda,4910
Sanchez,Adam,1369
Sanchez,Adam,1728
Sanchez,Carlos,4512
Sanchez,Christopher,2708
Sanchez,Daniel,4610
Sanchez,Donna,2840
Sanchez,Donna,96
Sanchez,Elizabeth,3936
Sanchez,Emily,3730
Sanchez,Eugene,2175
Sanchez,Gerald,4831
Sanchez,Jane,4458
Sanchez,Jane,1866
Sanchez,Joe,1783
Sanchez,Keith,4728
Sanchez,Kevin,2079
Sanchez,Linda,2905
Sanchez,Norma,3287
Sanchez,Rachel,3344
Sanchez,Rachel,4318
Sanchez,Robin,4037
Sanchez,Roger,398
Sanchez,Sandra,1002
Sanchez,Shawn,560
Sanchez,Susan,1480
Sanchez,Susan,4109
Sanchez,Virginia,4546
Sanders,Alice,2343
Sanders,Amy,71
Sanders,Antonio,455
Sanders,Billy,4499
Sanders,Carl,1258
Sanders,Charles,2766
Sanders,Chris,4859
Sanders,Earl,591
Sanders,Helen,4569
Sanders,Jesse,4754
Sanders,Jimmy,1694
Sanders,Kevin,3776
Sanders,Marilyn,1181
Sanders,Michelle,5000
Sanders,Mildred,258
Sanders,Nancy,22
Sanders,Nicholas,1116
Sanders,Patricia,1299
Sanders,Patricia,4693
Sanders,Ralph,383
Sanders,Russell,4516
Sanders,Samuel,2751
Sanders,Shawn,4008
Sanders,Stephen,2241
Sanders,Steve,4577
Sanders,William,499
Sanders,William,1324
Sanders,Willie,1364
Schmidt,Angela,3409
Schmidt,Beverly,106
Schmidt,Charles,1195
Schmidt,Dorothy,892
Schmidt,Douglas,998
Schmidt,Douglas,962
Schmidt,Eugene,479
Schmidt,Frances,3077
Schmidt,Jose,3260
Schmidt,Juan,2145
Schmidt,Karen,1874
Schmidt,Kenneth,3392
Schmidt,Linda,3439
Schmidt,Melissa,3272
Schmidt,Nicholas,1990
Schmidt,Patrick,2941
Schmidt,Philip,2266
Schmidt,Sandra,654
Schmidt,Stephanie,4224
Scott,Billy,4688
Scott,Bruce,1769
Scott,Dennis,4397
Scott,Dorothy,3545
Scott,Jessica,1802
Scott,Kathleen,1375
Scott,Ruby,3402
Scott,Scott,3615
Scott,Theresa,543
Scott,Walter,4646
Shaw,Aaron,3444
Shaw,Andrew,3363
Shaw,Catherine,3702
Shaw,Christina,1329
Shaw,Christine,3024
Shaw,Douglas,989
Shaw,Frances,2906
Shaw,Jennifer,4203
Shaw,Jennifer,4189
Shaw,Larry,1864
Shaw,Laura,4357
Shaw,Maria,4434
Shaw,Mary,4872
Shaw,Nancy,2536
Shaw,Patricia,3001
Shaw,Philip,820
Shaw,Rachel,3084
Shaw,Richard,3136
Shaw,Ronald,4130
Shaw,Steven,3940
Simmons,Amanda,2160
Simmons,Amy,2513
Simmons,Angela,2018
Simmons,Ann,2290
Simmons,Anne,4913
Simmons,Dennis,346
Simmons,Diane,539
Simmons,George,574
Simmons,Henry,3942
Simmons,Jack,1804
Simmons,Joyce,4446
Simmons,Juan,2275
Simmons,Judith,4536
Simmons,Judy,48
Simmons,Karen,4500
Simmons,Kathryn,593
Simmons,Kenneth,411
Simmons,Linda,1643
Simmons,Louis,982
Simmons,Louise,3426
Simmons,Marilyn,1475
Simmons,Melissa,1797
Simmons,Michelle,617
Simmons,Patrick,3542
Simmons,Peter,2281
Simmons,Russell,3497
Simmons,Shirley,1411
Simmons,Terry,4977
Simmons,Todd,3140
Simpson,Andrea,2530
Simpson,Beverly,3295
Simpson,Carlos,2047
Simpson,Charles,1241
Simpson,Debra,4468
Simpson,Frances,1843
Simpson,Frank,3611
Simpson,Joshua,4823
Simpson,Juan,909
Simpson,Kathy,284
Simpson,Keith,2821
Simpson,Kevin,4391
Simpson,Louise,3532
Simpson,Louise,3477
Simpson,Norma,1644
Simpson,Roy,1443
Simpson,Stephanie,3293
Sims,Aaron,2243
Sims,Beverly,4956
Sims,Beverly,1623
Sims,Brandon,3391
Sims,Carl,372
Sims,Christopher,460
Sims,Clarence,682
Sims,Cynthia,1599
Sims,Jacqueline,3358
Sims,Julie,3393
Sims,Kimberly,226
Sims,Kimberly,4292
Sims,Pamela,844
Sims,Ronald,1409
Sims,Ruby,2848
Sims,Stephanie,3262
Sims,Steve,4594
Sims,Wanda,1078
Sims,Wanda,4725
Sims,William,4581
Smith,Ann,476
Smith,Betty,251
Smith,Bonnie,2937
Smith,Brandon,132
Smith,Bruce,2010
Smith,Clarence,720
Smith,Debra,1538
Smith,Donald,2567
Smith,Edward,3269
Smith,Eric,3865
Smith,Henry,4539
Smith,Jesse,1899
Smith,Lois,4455
Smith,Michelle,4488
Smith,Nancy,2805
Smith,Rebecca,4853
Smith,Samuel,4452
Smith,Sarah,429
Smith,Stephanie,2091
Smith,Timothy,2015
Smith,Tina,3740
Smith,Wanda,4165
Snyder,Alan,1494
Snyder,Alice,4976
Snyder,Bobby,1471
Snyder,Brenda,1974
Snyder,Charles,4851
Snyder,Donald,1620
Snyder,Evelyn,245
Snyder,Frank,307
Snyder,George,3124
Snyder,Gerald,1007
Snyder,Gerald,433
Snyder,Louis,3902
Snyder,Marilyn,2406
Snyder,Melissa,2931
Snyder,Ronald,4951
Snyder,Russell,1656
Snyder,Shirley,3484
Snyder,Terry,1978
Snyder,Virginia,1647
Spencer,Alan,777
Spencer,Betty,3768
Spencer,Cheryl,2755
Spencer,Diane,897
Spencer,Fred,2694
Spencer,Gloria,4510
Spencer,Jennifer,726
Spencer,Joseph,470
Spencer,Karen,4886
Spencer,Kimberly,1964
Spencer,Lawrence,677
Spencer,Melissa,1729
Spencer,Nicholas,1730
Spencer,Pamela,3581
Spencer,Ralph,2033
Spencer,Robin,3982
Spencer,Robin,1817
Spencer,Ronald,241
Stanley,Ann,1473
Stanley,Anne,4585
Stanley,Ashley,4050
Stanley,Barbara,2162
Stanley,Bobby,2672
Stanley,Bonnie,4504
Stanley,Brian,341
Stanley,Carl,2945
Stanley,Daniel,2152
Stanley,Frances,566
Stanley,Jonathan,4685
Stanley,Michelle,4751
Stanley,Pamela,477
Stanley,Patrick,314
Stanley,Peter,288
Stanley,Ryan,790
Stanley,Sara,3861
Stanley,Thomas,3784
Stanley,Virginia,1202
Stanley,Wanda,3292
Stephens,Alan,1143
Stephens,Amanda,221
Stephens,Brian,3604
Stephens,Dennis,4036
Stephens,Earl,1566
Stephens,Fred,2144
Stephens,John,2360
Stephens,Katherine,2050
Stephens,Kenneth,3462
Stephens,Larry,384
Stephens,Louis,121
Stephens,Louise,4102
Stephens,Pamela,2461
Stephens,Phyllis,200
Stephens,Ralph,510
Stephens,Ronald,4968
Stephens,Ruby,3196
Stephens,Sara,1585
Stephens,Stephen,2202
Stephens,Walter,2463
Stevens,Andrea,3961
Stevens,Beverly,3138
Stevens,Frank,4146
Stevens,Gerald,4205
Stevens,Jacqueline,535
Stevens,Judy,4451
Stevens,Karen,1301
Stevens,Kathleen,2462
Stevens,Kathy,4182
Stevens,Lawrence,2948
Stevens,Lois,486
Stevens,Patrick,4244
Stevens,Paula,4242
Stevens,Phyllis,4061
Stevens,Ralph,454
Stevens,Russell,1940
Stevens,Sarah,481
Stevens,Teresa,3908
Stevens,Walter,1129
Stevens,Wanda,4437
Stewart,Alice,4628
Stewart,Billy,2358
Stewart,Chris,4911
Stewart,Earl,1285
Stewart,Eugene,1173
Stewart,Fred,3443
Stewart,Howard,1219
Stewart,Jack,4484
Stewart,Jeffrey,1718
Stewart,Jennifer,1197
Stewart,Kathy,3937
Stewart,Marilyn,2902
Stewart,Martha,2384
Stewart,Ronald,51
Stewart,Shirley,1437
Stewart,Susan,318
Stone,Ernest,1763
Stone,Evelyn,4902
Stone,Gary,2283
Stone,Jack,1342
Stone,Jennifer,2925
Stone,Jesse,4612
Stone,Jessica,4972
Stone,Jimmy,1725
Stone,Joe,3461
Stone,Kelly,848
Stone,Kenneth,627
Stone,Kimberly,1366
Stone,Lisa,2470
Stone,Randy,3036
Stone,Rose,2701
Stone,Sarah,3025
Stone,Teresa,541
Stone,Theresa,286
Sullivan,Alice,4315
Sullivan,Bonnie,3075
Sullivan,Carlos,1330
Sullivan,Dorothy,871
Sullivan,Eugene,2194
Sullivan,Heather,4994
Sullivan,Helen,1778
Sullivan,Henry,1575
Sullivan,Jacqueline,4834
Sullivan,Jason,3065
Sullivan,Jerry,3872
Sullivan,Jimmy,4898
Sullivan,Lori,3115
Sullivan,Maria,340
Sullivan,Maria,4568
Sullivan,Martin,1870
Sullivan,Matthew,3258
Sullivan,Patrick,2074
Sullivan,Paula,1352
Sullivan,Phyllis,1225
Sullivan,Rose,514
Sullivan,Russell,480
Sullivan,William,2691
Taylor,Brian,389
Taylor,Cynthia,4291
Taylor,Diana,2866
Taylor,Frances,4277
Taylor,Jane,2180
Taylor,Jimmy,760
Taylor,Larry,1985
Taylor,Lois,2684
Taylor,Mark,3891
Taylor,Ryan,2503
Taylor,Samuel,801
Taylor,Steven,4207
Taylor,Steven,4331
Taylor,Terry,2082
Taylor,Terry,3910
Taylor,William,1304
Taylor,William,1689
Thomas,Adam,3599
Thomas,Angela,3437
Thomas,Anne,864
Thomas,Catherine,2962
Thomas,Christine,4576
Thomas,Christine,687
Thomas,David,3824
Thomas,Eric,2025
Thomas,Janet,2467
Thomas,Jean,4692
Thomas,Jimmy,2273
Thomas,John,2983
Thomas,Joyce,2054
Thomas,Kimberly,3340
Thomas,Louis,4445
Thomas,Mark,4310
Thomas,Mildred,4427
Thomas,Patrick,1800
Thomas,Phyllis,1286
Thomas,Sarah,4681
Thompson,Ann,1035
Thompson,Antonio,4398
Thompson,Carol,3493
Thompson,Cheryl,3057
Thompson,Edward,189
Thompson,Howard,4710
Thompson,James,1996
Thompson,Janet,2032
Thompson,Johnny,1871
Thompson,Joshua,757
Thompson,Joshua,991
Thompson,Karen,1332
Thompson,Kelly,3687
Thompson,Kelly,2721
Thompson,Patricia,523
Thompson,Patricia,729
Thompson,Patricia,2184
Thompson,Patricia,2076
Thompson,Robin,1708
Thompson,Sara,3690
Thompson,Stephanie,3607
Thompson,Stephen,1280
Thompson,Theresa,1271
Thompson,Virginia,4358
Torres,Annie,1793
Torres,Bonnie,2746
Torres,Debra,2724
Torres,Frances,2555
Torres,Jacqueline,2115
Torres,Jean,453
Torres,Kevin,2576
Torres,Nancy,4260
Torres,Peter,3625
Torres,Rose,1818
Torres,Ruby,2820
Torres,Samuel,2728
Torres,Stephen,2039
Torres,Virginia,4253
Tucker,Aaron,4255
Tucker,Alan,800
Tucker,Craig,4429
Tucker,Cynthia,2506
Tucker,Dennis,2146
Tucker,Fred,2635
Tucker,Jeffrey,2954
Tucker,Jerry,1201
Tucker,Johnny,4053
Tucker,Judy,4210
Tucker,Keith,1317
Tucker,Mary,3944
Tucker,Michelle,1550
Tucker,Rose,4611
Tucker,Russell,3094
Tucker,Sandra,1638
Tucker,Sara,4772
Tucker,Thomas,4672
Tucker,Wanda,293
Tucker,Wayne,3680
Turner,Anne,2229
Turner,Carl,3761
Turner,Catherine,222
Turner,Cynthia,2337
Turner,Diane,1534
Turner,Donald,1216
Turner,Frances,4735
Turner,Harold,2474
Turner,Jean,4476
Turner,Judy,4565
Turner,Karen,2001
Turner,Katherine,1911
Turner,Keith,1664
Turner,Kimberly,4828
Turner,Martha,1632
Turner,Matthew,4664
Turner,Rachel,2325
Turner,Russell,1477
Turner,Sean,3732
Vasquez,Alice,2847
Vasquez,Ann,1912
Vasquez,Benjamin,1237
Vasquez,Beverly,2124
Vasquez,Brian,660
Vasquez,Brian,918
Vasquez,Cheryl,1255
Vasquez,Denise,100
Vasquez,Dorothy,369
Vasquez,Edward,689
Vasquez,Fred,1166
Vasquez,Jerry,3906
Vasquez,Joshua,2913
Vasquez,Joshua,1032
Vasquez,Kathleen,1714
Vasquez,Lillian,3379
Vasquez,Louise,1039
Vasquez,Margaret,1986
Vasquez,Mildred,1628
Vasquez,Nancy,3218
Vasquez,Nicholas,3135
Vasquez,Paula,3787
Vasquez,Phillip,3032
Vasquez,Sara,3900
Vasquez,Stephanie,838
Vasquez,Todd,4460
Wagner,Bruce,2294
Wagner,Charles,3476
Wagner,Christopher,3139
Wagner,David,4667
Wagner,Douglas,75
Wagner,Emily,3582
Wagner,Fred,3283
Wagner,George,4741
Wagner,Gerald,925
Wagner,Harold,4914
Wagner,Helen,438
Wagner,Karen,1642
Wagner,Kathleen,2486
Wagner,Kenneth,4554
Wagner,Kimberly,2226
Wagner,Larry,3511
Wagner,Laura,1865
Wagner,Lillian,235
Wagner,Martha,4466
Wagner,Nicholas,3608
Wagner,Raymond,2596
Wagner,Robert,4689
Wagner,Roy,2258
Wagner,Samuel,3678
Wagner,Scott,4548
Wagner,Sean,3789
Wagner,Timothy,2286
Wagner,Tina,4365
Walker,Annie,2096
Walker,Brenda,3166
Walker,Brian,3504
Walker,Carlos,1268
Walker,Cheryl,3531
Walker,Elizabeth,1522
Walker,Fred,216
Walker,Helen,2086
Walker,Jerry,4660
Walker,Julie,1598
Walker,Katherine,3418
Walker,Mary,4700
Walker,Mildred,188
Walker,Richard,2827
Walker,Victor,20
Wallace,Albert,2136
Wallace,Andrea,1782
Wallace,Angela,983
Wallace,Bobby,244
Wallace,Joan,749
Wallace,Joe,4359
Wallace,Julia,754
Wallace,Julie,3263
Wallace,Keith,4006
Wallace,Linda,3209
Wallace,Ralph,4765
Wallace,Susan,4449
Wallace,Terry,1755
Wallace,Tina,1735
Ward,Alan,823
Ward,Ann,2804
Ward,Billy,4798
Ward,Brian,1077
Ward,Catherine,600
Ward,Chris,4312
Ward,Clarence,164
Ward,Clarence,2324
Ward,Donna,1041
Ward,Heather,42
Ward,Irene,175
Ward,James,3208
Ward,Jason,691
Ward,Kathryn,4938
Ward,Martha,2133
Ward,Matthew,2429
Ward,Paula,4506
Ward,Peter,2426
Ward,Phillip,4250
Ward,Russell,740
Ward,Sharon,2974
Ward,Steven,3523
Ward,Wayne,3163
Ward,Willie,50
Warren,Alan,1717
Warren,Annie,4706
Warren,Diana,430
Warren,Donna,4007
Warren,Elizabeth,3288
Warren,Gloria,3382
Warren,Jack,3236
Warren,Janet,4588
Warren,Jeffrey,406
Warren,Jeffrey,3307
Warren,Karen,616
Warren,Margaret,2101
Warren,Norma,3349
Warren,Patricia,67
Warren,Phyllis,3767
Warren,Ralph,4718
Warren,Rebecca,884
Warren,Theresa,3746
Washington,Amy,3049
Washington,Andrea,2744
Washington,Brenda,3408
Washington,Carlos,2523
Washington,Daniel,3932
Washington,Elizabeth,311
Washington,Fred,2585
Washington,Harry,4915
Washington,Jason,4341
Washington,Jennifer,1316
Washington,Jesse,2683
Washington,Jonathan,4023
Washington,Joshua,1833
Washington,Lori,2741
Washington,Mary,4655
Washington,Shawn,3095
Washington,Theresa,4973
Washington,Todd,473
Watkins,Anthony,394
Watkins,Billy,570
Watkins,Billy,2457
Watkins,Carlos,1175
Watkins,Cheryl,1251
Watkins,Christina,2939
Watkins,Dorothy,3570
Watkins,Edward,2041
Watkins,Harry,1649
Watkins,Joseph,1945
Watkins,Joshua,4555
Watkins,Kelly,670
Watkins,Lisa,60
Watkins,Lisa,655
Watkins,Louise,659
Watkins,Melissa,278
Watkins,Philip,4906
Watkins,Phillip,4433
Watkins,Phyllis,3997
Watkins,Rebecca,2189
Watkins,Ryan,906
Watkins,Samuel,2407
Watkins,Sean,3376
Watkins,Tina,2098
Watkins,Tina,3810
Watkins,Tina,2169
Watson,Andrea,79
Watson,Brandon,4538
Watson,Cheryl,2779
Watson,David,1189
Watson,Deborah,598
Watson,Diane,3147
Watson,Howard,837
Watson,Jean,3971
Watson,Jerry,2514
Watson,Justin,911
Watson,Martha,3093
Watson,Martin,1395
Watson,Mildred,4616
Watson,Patricia,4400
Watson,Patricia,3417
Watson,Sandra,3681
Watson,Victor,1960
Watson,Virginia,4314
Watson,Willie,825
Weaver,Anne,3395
Weaver,Betty,4663
Weaver,Betty,2476
Weaver,Charles,4795
Weaver,Cynthia,1526
Weaver,Donna,3119
Weaver,Helen,4231
Weaver,Henry,2662
Weaver,Johnny,984
Weaver,Karen,2880
Weaver,Karen,4293
Weaver,Lawrence,4808
Weaver,Maria,1048
Weaver,Martha,4753
Weaver,Mildred,1359
Weaver,Nicole,3108
Weaver,Pamela,3556
Weaver,Paul,2122
Weaver,Philip,3826
Weaver,Richard,746
Weaver,Sara,331
Webb,Amanda,4413
Webb,Carlos,2323
Webb,Cheryl,794
Webb,Christina,4342
Webb,Craig,3564
Webb,Daniel,3894
Webb,Earl,4534
Webb,Jason,2389
Webb,Jeremy,2716
Webb,Margaret,1410
Webb,Melissa,2365
Webb,Roger,3144
Webb,Sarah,2508
Webb,Todd,4432
Welch,Adam,1670
Welch,Ashley,4215
Welch,Carolyn,31
Welch,Daniel,1006
Welch,Helen,3765
Welch,Howard,1503
Welch,Jane,4846
Welch,Jerry,1302
Welch,Jesse,2685
Welch,Jessica,4145
Welch,John,3097
Welch,Judith,3933
Welch,Karen,2498
Welch,Louise,546
Welch,Margaret,3419
Welch,Nicholas,2673
Welch,Patricia,1183
Welch,Scott,4096
Welch,Steven,1609
Welch,Terry,4340
Welch,Todd,1310
Wells,Adam,1906
Wells,Arthur,1794
Wells,Benjamin,4287
Wells,Billy,3226
Wells,Bruce,1260
Wells,Carolyn,2024
Wells,Earl,4957
Wells,Frank,583
Wells,Jack,3832
Wells,Jack,1636
Wells,Janice,4559
Wells,Jose,356
Wells,Kimberly,1831
Wells,Margaret,808
Wells,Mark,1013
Wells,Mary,737
Wells,Matthew,2118
Wells,Mildred,3522
Wells,Phillip,1109
Wells,Russell,993
Wells,Scott,3717
Wells,Susan,3215
West,Albert,756
West,Alice,1057
West,Bonnie,4481
West,Chris,3411
West,Gerald,1635
West,Harold,2569
West,Jason,2675
West,John,2155
West,John,2630
West,Jonathan,2790
West,Kathryn,2548
West,Keith,2277
West,Kenneth,3991
West,Kimberly,771
West,Larry,170
West,Louis,3154
West,Maria,4487
West,Mark,695
West,Phillip,2922
West,Ralph,2715
West,Tina,2991
West,Wanda,1553
Wheeler,Alan,231
Wheeler,Amanda,4527
Wheeler,Amy,1905
Wheeler,Anna,2354
Wheeler,Christopher,734
Wheeler,Denise,3244
Wheeler,Doris,380
Wheeler,Earl,2784
Wheeler,Jack,376
Wheeler,Janice,638
Wheeler,Jennifer,4865
Wheeler,Jennifer,3880
Wheeler,Joe,1951
Wheeler,Marie,2374
Wheeler,Mary,974
Wheeler,Matthew,492
Wheeler,Raymond,4717
Wheeler,Robin,3895
Wheeler,Sarah,269
Wheeler,Scott,792
Wheeler,Tammy,4448
Wheeler,Teresa,3520
White,Aaron,2815
White,Alice,1736
White,Carlos,3565
White,Christina,2762
White,Elizabeth,1896
White,Gerald,1098
White,Irene,4254
White,Joan,3264
White,Lawrence,4891
White,Lois,1257
White,Michael,4441
White,Stephanie,4278
Williams,Andrea,2810
Williams,Andrea,2789
Williams,Chris,1180
Williams,George,4160
Williams,Harold,3676
Williams,Kevin,3723
Williams,Larry,2977
Williams,Laura,4863
Williams,Laura,2606
Williams,Louise,2998
Williams,Nicole,2232
Williams,Phyllis,4343
Williams,Roy,1762
Williams,Stephen,981
Williams,William,2752
Williamson,Andrea,1448
Williamson,Anne,395
Williamson,Benjamin,3329
Williamson,Beverly,4324
Williamson,Bruce,971
Williamson,Donald,3578
Williamson,Ernest,1693
Williamson,Ernest,4011
Williamson,Frank,1849
Williamson,George,2807
Williamson,Howard,588
Williamson,Jessica,1732
Williamson,Joan,1781
Williamson,Joan,930
Williamson,John,2649
Williamson,Judith,2308
Williamson,Norma,3836
Williamson,Norma,3806
Williamson,Ruby,3303
Williamson,Ryan,3047
Williamson,Sarah,461
Williamson,Scott,2775
Williamson,Teresa,4864
Williamson,Theresa,2979
Williamson,William,1149
Willis,Antonio,1196
Willis,Betty,2149
Willis,Beverly,1995
Willis,Beverly,4097
Willis,Carol,714
Willis,Christina,1158
Willis,Cynthia,4697
Willis,Jimmy,82
Willis,Juan,3009
Willis,Juan,3783
Willis,Judy,2832
Willis,Larry,4708
Willis,Linda,3666
Willis,Lisa,1075
Willis,Maria,1669
Willis,Theresa,2791
Willis,Walter,3037
Wilson,Alan,713
Wilson,Barbara,4796
Wilson,Brian,1124
Wilson,Catherine,4336
Wilson,Edward,2631
Wilson,Harold,3464
Wilson,Heather,2472
Wilson,Helen,3976
Wilson,Janice,3754
Wilson,Jeremy,922
Wilson,Joan,2042
Wilson,Judy,2587
Wilson,Kenneth,1560
Wilson,Kevin,2487
Wilson,Marie,3366
Wilson,Mark,277
Wilson,Patrick,4632
Wilson,Paul,3008
Wilson,Paula,3893
Wilson,Paula,1691
Wilson,Paula,1365
Wilson,Rebecca,920
Wilson,Rose,2
Wilson,Ryan,2823
Wilson,Shawn,4533
Wood,Angela,975
Wood,Anne,2410
Wood,Annie,2295
Wood,Billy,1699
Wood,Brenda,4782
Wood,Christina,211
Wood,Dennis,4119
Wood,Diane,615
Wood,Elizabeth,309
Wood,George,4309
Wood,Jacqueline,4805
Wood,Joan,2747
Wood,Joe,4832
Wood,Julie,3663
Wood,Justin,1555
Wood,Karen,1792
Wood,Larry,3968
Wood,Lori,4762
Wood,Lori,2288
Wood,Mildred,681
Wood,Patrick,3048
Wood,Phyllis,2059
Woods,Andrea,1091
Woods,Antonio,3585
Woods,Arthur,1744
Woods,Barbara,4280
Woods,Billy,673
Woods,Billy,2395
Woods,Gerald,705
Woods,Judy,586
Woods,Katherine,2002
Woods,Kimberly,1374
Woods,Mildred,272
Woods,Paul,1567
Woods,Samuel,1701
Woods,Teresa,1026
Woods,Theresa,3230
Woods,Thomas,3914
Woods,Wayne,1672
Wright,Anthony,4980
Wright,Antonio,373
Wright,Beverly,4164
Wright,Carol,4964
Wright,Christine,767
Wright,Cynthia,4201
Wright,Donna,350
Wright,Douglas,3492
Wright,Emily,249
Wright,Emily,3319
Wright,Howard,3575
Wright,Jessica,3613
Wright,Juan,215
Wright,Lois,2289
Wright,Louise,2348
Wright,Mary,1901
Wright,Matthew,1033
Wright,Michael,2551
Wright,Michael,1661
Wright,Michelle,3841
Wright,Ronald,4114
Wright,Roy,1462
Wright,Ruth,1106
Wright,Thomas,679
Wright,Timothy,4117
Wright,Todd,1957
Young,Alice,364
Young,Arthur,2135
Young,Betty,502
Young,Brandon,2435
Young,Christina,2361
Young,Diana,3876
Young,Diane,4172
Young,Edward,4150
Young,Evelyn,2714
Young,Frank,4881
Young,Fred,1306
Young,Helen,1758
Young,Janice,2777
Young,Jerry,2438
Young,Joe,2892
Young,Joe,1873
Young,Jonathan,4217
Young,Joshua,1822
Young,Karen,1403
Young,Katherine,4126
Young,Kathleen,4
Young,Larry,2903
Young,Martha,2279
Young,Mary,1498
Young,Richard,4389
Young,Roger,3494
Young,Ryan,1835
Young,Samuel,337
Young,Shirley,4647
Young,Stephanie,1102
Young,Susan,2109
Young,Todd,1450
Young,Todd,955
