Adams,2853
Adams,4110
Adams,2284
Adams,2683
Adams,3980
Adams,1727
Adams,4615
Adams,2312
Adams,4316
Adams,2597
Adams,1411
Adams,2735
Adams,1470
Alexander,931
Alexander,2320
Alexander,105
Alexander,4584
Alexander,1704
Alexander,1872
Alexander,437
Alexander,441
Alexander,971
Alexander,3633
Alexander,4076
Alexander,4205
Alexander,1790
Alexander,2439
Alexander,6
Alexander,4481
Alexander,3829
Alexander,271
Alexander,402
Alexander,3833
Allen,3310
Allen,2941
Allen,640
Allen,3891
Allen,2398
Allen,1366
Allen,1700
Allen,3767
Allen,2289
Allen,543
Allen,526
Allen,520
Allen,4008
Allen,64
Allen,722
Allen,4182
Allen,2947
Allen,4311
Allen,1633
Allen,299
Allen,846
Allen,855
Allen,3364
Allen,265
Allen,4467
Allen,1919
Alvarez,4956
Alvarez,4850
Alvarez,1359
Alvarez,1802
Alvarez,537
Alvarez,3052
Alvarez,3992
Alvarez,3728
Alvarez,2764
Alvarez,3664
Alvarez,3952
Alvarez,1597
Alvarez,3660
Alvarez,165
Alvarez,3446
Alvarez,3821
Alvarez,2155
Alvarez,3018
Alvarez,1768
Alvarez,780
Alvarez,4778
Alvarez,1393
Anderson,2872
Anderson,3671
Anderson,2227
Anderson,3758
Anderson,2178
Anderson,3598
Anderson,439
Anderson,760
Anderson,1143
Anderson,390
Anderson,4226
Anderson,964
Anderson,4277
Anderson,193
Anderson,2107
Anderson,4294
Anderson,3471
Anderson,324
Anderson,1201
Anderson,3390
Anderson,2023
Anderson,1220
Anderson,4989
Anderson,3338
Anderson,1693
Anderson,3054
Andrews,2596
Andrews,244
Andrews,117
Andrews,2860
Andrews,2414
Andrews,1496
Andrews,534
Andrews,2952
Andrews,1123
Andrews,3252
Andrews,3464
Andrews,2399
Andrews,2796
Andrews,1638
Andrews,3700
Andrews,4486
Andrews,884
Andrews,1222
Andrews,4576
Andrews,4449
Andrews,3251
Andrews,3111
Andrews,4163
Andrews,748
Andrews,4452
Andrews,1279
Andrews,3024
Armstrong,3378
Armstrong,4534
Armstrong,840
Armstrong,3274
Armstrong,2650
Armstrong,1751
Armstrong,1292
Armstrong,4224
Armstrong,3152
Armstrong,2379
Armstrong,4780
Armstrong,3445
Armstrong,4420
Armstrong,4905
Armstrong,3651
Armstrong,886
Armstrong,4691
Armstrong,4869
Armstrong,4682
Armstrong,315
Armstrong,312
Armstrong,2292
Arnold,2171
Arnold,4317
Arnold,1636
Arnold,4964
Arnold,4890
Arnold,3795
Arnold,3322
Arnold,2142
Arnold,2637
Arnold,4468
Arnold,1893
Austin,4687
Austin,2660
Austin,2092
Austin,3653
Austin,3881
Austin,4632
Austin,4114
Austin,34
Austin,1357
Austin,2793
Austin,2491
Austin,264
Austin,2526
Austin,3610
Austin,3146
Austin,802
Austin,2325
Austin,602
Austin,1667
Bailey,4142
Bailey,2653
Bailey,4590
Bailey,945
Bailey,2259
Bailey,4946
Bailey,2678
Bailey,1278
Bailey,3210
Bailey,449
Bailey,40
Bailey,3202
Bailey,1230
Bailey,1013
Bailey,4223
Bailey,2749
Baker,379
Baker,2358
Baker,4973
Baker,4951
Baker,4939
Baker,1034
Baker,1016
Baker,4626
Baker,1075
Baker,4451
Baker,4429
Baker,3356
Baker,3400
Baker,816
Baker,2139
Baker,1485
Baker,3621
Baker,1354
Baker,2321
Banks,887
Banks,1385
Banks,3161
Banks,3084
Banks,4123
Banks,2567
Banks,1828
Banks,4621
Banks,1818
Banks,3912
Banks,4336
Banks,1850
Banks,1927
Banks,2418
Banks,540
Banks,2760
Banks,4755
Banks,4211
Barnes,4412
Barnes,2673
Barnes,1610
Barnes,3898
Barnes,2396
Barnes,2408
Barnes,4928
Barnes,4904
Barnes,1692
Barnes,1285
Barnes,3550
Barnes,361
Barnes,2111
Barnes,4640
Barnes,4707
Barnes,2049
Barnes,924
Barnes,1229
Barnes,1225
Barnes,1886
Bell,3030
Bell,1044
Bell,2121
Bell,1923
Bell,921
Bell,1515
Bell,3105
Bell,4845
Bell,1897
Bell,1280
Bell,1480
Bell,4633
Bell,4198
Bell,1963
Bell,2430
Bell,118
Bell,326
Bennett,4507
Bennett,4591
Bennett,1560
Bennett,828
Bennett,1537
Bennett,3432
Bennett,4237
Bennett,4788
Bennett,413
Bennett,1479
Bennett,4168
Bennett,3614
Bennett,1798
Bennett,2513
Bennett,517
Bennett,518
Bennett,1125
Bennett,1345
Bennett,1766
Bennett,2315
Bennett,4971
Berry,389
Berry,2199
Berry,4805
Berry,3258
Berry,4184
Berry,1685
Berry,668
Berry,4861
Berry,3186
Berry,4280
Berry,1583
Berry,2688
Berry,4283
Berry,3360
Berry,1478
Berry,966
Berry,4269
Berry,2685
Berry,4442
Berry,147
Berry,2898
Berry,3225
Bishop,3016
Bishop,4288
Bishop,164
Bishop,721
Bishop,1890
Bishop,3991
Bishop,1834
Bishop,1586
Bishop,4225
Bishop,4341
Bishop,2221
Bishop,687
Bishop,3967
Bishop,3850
Bishop,955
Bishop,1612
Bishop,1228
Bishop,3907
Bishop,1929
Bishop,2301
Black,2077
Black,2207
Black,3199
Black,2969
Black,2393
Black,3000
Black,574
Black,2400
Black,2711
Black,1783
Black,3822
Black,1476
Black,3582
Black,3691
Black,2482
Black,1947
Bowman,3962
Bowman,2551
Bowman,400
Bowman,1484
Bowman,2394
Bowman,2755
Bowman,3406
Bowman,3978
Bowman,1206
Bowman,3381
Bowman,4300
Bowman,1645
Bowman,1456
Bowman,3372
Bowman,998
Bowman,4308
Bowman,3613
Bowman,3107
Bowman,1697
Boyd,2802
Boyd,1231
Boyd,3383
Boyd,2499
Boyd,2623
Boyd,4325
Boyd,4454
Boyd,2453
Boyd,4178
Boyd,4017
Boyd,4801
Boyd,4596
Boyd,1748
Bradley,1118
Bradley,1558
Bradley,235
Bradley,4252
Bradley,2157
Bradley,2819
Bradley,239
Bradley,3038
Bradley,3147
Bradley,3556
Bradley,487
Bradley,3853
Bradley,1377
Bradley,1180
Bradley,166
Bradley,3124
Bradley,4612
Bradley,2689
Bradley,3268
Bradley,1787
Bradley,4954
Brooks,4152
Brooks,3954
Brooks,4980
Brooks,926
Brooks,4860
Brooks,1076
Brooks,2218
Brooks,2738
Brooks,2378
Brooks,741
Brooks,4282
Brooks,1737
Brooks,2254
Brooks,3984
Brooks,406
Brooks,1252
Brown,3335
Brown,3143
Brown,4863
Brown,3885
Brown,3340
Brown,37
Brown,2201
Brown,1532
Brown,4098
Brown,2356
Brown,1784
Brown,2606
Brown,3963
Brown,4060
Brown,3153
Brown,4357
Brown,1590
Brown,4648
Brown,3824
Brown,291
Brown,4095
Brown,3549
Bryant,4274
Bryant,457
Bryant,3539
Bryant,2127
Bryant,3295
Bryant,3648
Bryant,3023
Bryant,4917
Bryant,968
Bryant,3527
Burke,2866
Burke,4641
Burke,956
Burke,3462
Burke,2103
Burke,1851
Burke,2644
Burke,365
Burke,795
Burke,1267
Burke,1396
Burke,2556
Burke,2542
Burke,445
Burke,81
Burke,2734
Burke,4864
Burke,932
Burke,4565
Burke,1427
Burke,2889
Burke,1203
Burke,1383
Burke,3388
Burns,4834
Burns,74
Burns,2948
Burns,3478
Burns,4955
Burns,137
Burns,2700
Burns,4330
Burns,4931
Burns,2424
Burns,2060
Burns,4832
Burton,3543
Burton,3655
Burton,3968
Burton,4680
Burton,3872
Burton,948
Burton,1576
Burton,1786
Burton,2465
Burton,1875
Burton,1406
Burton,342
Burton,4440
Burton,2162
Burton,3608
Burton,2891
Butler,1458
Butler,1933
Butler,1005
Butler,4023
Butler,2841
Butler,3814
Butler,4743
Butler,4771
Butler,3606
Butler,3840
Butler,2473
Butler,1832
Butler,3243
Butler,3429
Butler,3368
Butler,4607
Butler,2568
Butler,1962
Campbell,2450
Campbell,1669
Campbell,498
Campbell,4166
Campbell,763
Campbell,1193
Campbell,2261
Campbell,1944
Campbell,1582
Campbell,608
Campbell,1367
Campbell,1898
Campbell,2961
Campbell,2345
Campbell,285
Campbell,1871
Campbell,591
Campbell,3638
Campbell,3632
Carpenter,3005
Carpenter,241
Carpenter,3851
Carpenter,1883
Carpenter,2611
Carpenter,1525
Carpenter,3689
Carpenter,2993
Carpenter,3609
Carpenter,3266
Carpenter,67
Carpenter,2274
Carpenter,4545
Carpenter,4751
Carpenter,2873
Carpenter,3748
Carpenter,4739
Carpenter,1720
Carpenter,509
Carpenter,3488
Carpenter,3640
Carpenter,276
Carpenter,2832
Carr,2950
Carr,3425
Carr,4194
Carr,766
Carr,349
Carr,4639
Carr,4025
Carr,1057
Carr,2797
Carr,4169
Carr,1856
Carr,3461
Carr,3129
Carr,2505
Carr,2500
Carr,1632
Carr,1810
Carr,1842
Carr,2391
Carr,401
Carr,2603
Carroll,2206
Carroll,3955
Carroll,3652
Carroll,2100
Carroll,3799
Carroll,4991
Carroll,3211
Carroll,1349
Carroll,667
Carroll,2200
Carroll,2954
Carroll,690
Carroll,3789
Carroll,4343
Carroll,4443
Carroll,3526
Carroll,1889
Carter,2770
Carter,4560
Carter,1913
Carter,1974
Carter,4285
Carter,380
Carter,496
Carter,2237
Carter,600
Carter,3848
Carter,636
Carter,638
Carter,1268
Carter,1250
Carter,3206
Carter,3082
Castillo,3981
Castillo,4858
Castillo,2768
Castillo,2746
Castillo,4250
Castillo,3823
Castillo,623
Castillo,2005
Castillo,3077
Castillo,2549
Castillo,2792
Castillo,2297
Castillo,1424
Castillo,2916
Castillo,4841
Castillo,1959
Castillo,4787
Castillo,4007
Castillo,1841
Chapman,1361
Chapman,4356
Chapman,2646
Chapman,3950
Chapman,555
Chapman,408
Chapman,1282
Chapman,744
Chapman,2814
Chapman,4130
Chapman,1761
Chapman,4055
Chapman,497
Chapman,1433
Chapman,1506
Chapman,1745
Chapman,679
Chapman,3709
Chapman,1863
Chapman,605
Chapman,4798
Chapman,4546
Chapman,3139
Chapman,4523
Chapman,1374
Chapman,4512
Chapman,3126
Chapman,4416
Chapman,1099
Chapman,278
Chapman,2835
Chapman,3389
Chapman,2844
Chavez,1218
Chavez,3160
Chavez,2995
Chavez,2264
Chavez,4006
Chavez,1472
Chavez,4189
Chavez,386
Chavez,2601
Chavez,4231
Chavez,4253
Chavez,4862
Chavez,3475
Chavez,851
Chavez,3324
Chavez,233
Chavez,4553
Chavez,208
Chavez,4634
Chavez,174
Chavez,2779
Chavez,132
Clark,43
Clark,4617
Clark,4409
Clark,3228
Clark,2875
Clark,2074
Clark,2181
Clark,3136
Clark,4809
Clark,3956
Clark,1598
Clark,3414
Clark,4597
Clark,3235
Clark,3805
Clark,242
Clark,340
Clark,557
Clark,3820
Clark,225
Clark,1452
Clark,431
Clark,2168
Clark,695
Clark,3345
Cole,3719
Cole,2828
Cole,3250
Cole,1264
Cole,3103
Cole,3326
Cole,3133
Cole,280
Cole,33
Cole,2349
Cole,4949
Cole,994
Cole,4154
Cole,1100
Cole,1750
Cole,4394
Cole,436
Cole,3987
Cole,2040
Cole,3977
Cole,3175
Cole,701
Cole,604
Cole,2055
Cole,38
Cole,4201
Cole,4065
Coleman,4758
Coleman,2332
Coleman,2629
Coleman,4909
Coleman,3419
Coleman,1833
Coleman,3171
Coleman,829
Coleman,4727
Coleman,257
Coleman,3479
Coleman,1736
Coleman,3104
Coleman,2113
Coleman,682
Coleman,1899
Coleman,1141
Collins,719
Collins,1526
Collins,3831
Collins,3759
Collins,1003
Collins,927
Collins,714
Collins,3078
Collins,2140
Collins,981
Collins,2722
Collins,2812
Collins,1791
Collins,1056
Collins,1779
Cook,2662
Cook,4488
Cook,2329
Cook,3339
Cook,470
Cook,4945
Cook,597
Cook,4135
Cook,4654
Cook,4137
Cook,3721
Cook,491
Cook,3255
Cook,3229
Cook,796
Cook,2132
Cook,1894
Cook,4323
Cook,2068
Cook,1067
Cook,2054
Cook,4719
Cook,1811
Cooper,4036
Cooper,4977
Cooper,3245
Cooper,4378
Cooper,1025
Cooper,1008
Cooper,3010
Cooper,2413
Cooper,4161
Cooper,1907
Cooper,393
Cooper,1223
Cooper,300
Cooper,3392
Cox,949
Cox,404
Cox,2932
Cox,3563
Cox,817
Cox,703
Cox,254
Cox,3572
Cox,228
Cox,3426
Cox,2989
Cox,751
Cox,1028
Cox,2226
Cox,2208
Cox,4391
Cox,2460
Cox,2128
Crawford,1270
Crawford,2838
Crawford,4678
Crawford,3441
Crawford,2758
Crawford,1891
Crawford,4307
Crawford,53
Crawford,1306
Crawford,2782
Crawford,1569
Crawford,3726
Crawford,2522
Crawford,4177
Crawford,3503
Crawford,4200
Cruz,1173
Cruz,3113
Cruz,1487
Cruz,1942
Cruz,4970
Cruz,922
Cruz,3284
Cruz,1743
Cruz,559
Cruz,1483
Cruz,2210
Cruz,2205
Cruz,561
Cruz,1759
Cunningham,1746
Cunningham,2523
Cunningham,1298
Cunningham,3068
Cunningham,4172
Cunningham,3004
Cunningham,2869
Cunningham,411
Cunningham,2579
Cunningham,1794
Cunningham,2149
Cunningham,2647
Cunningham,4364
Cunningham,567
Cunningham,4819
Cunningham,4411
Cunningham,3893
Cunningham,4732
Daniels,4387
Daniels,562
Daniels,1060
Daniels,1775
Daniels,4414
Daniels,3732
Daniels,3067
Daniels,1272
Daniels,3796
Daniels,4916
Daniels,3839
Daniels,1652
Daniels,2940
Daniels,325
Daniels,3288
Daniels,4823
Daniels,2520
Daniels,2846
Davis,873
Davis,1982
Davis,1104
Davis,2617
Davis,3668
Davis,3100
Davis,4181
Davis,2972
Davis,3057
Davis,4030
Davis,3122
Day,1854
Day,1774
Day,1492
Day,1970
Day,1463
Day,4645
Day,3571
Day,2667
Day,3319
Day,4160
Day,2420
Day,1438
Day,303
Day,1533
Day,1831
Day,3442
Day,4097
Day,1177
Dean,2059
Dean,4673
Dean,144
Dean,1467
Dean,432
Dean,776
Dean,1823
Dean,2353
Dean,124
Dean,2801
Dean,4924
Dean,4175
Dean,1865
Dean,2839
Diaz,4877
Diaz,1379
Diaz,3867
Diaz,3798
Diaz,3975
Diaz,2240
Diaz,2511
Diaz,2187
Diaz,363
Diaz,1204
Diaz,2729
Diaz,1725
Diaz,4630
Diaz,141
Diaz,985
Diaz,3049
Dixon,4127
Dixon,31
Dixon,1709
Dixon,1857
Dixon,3109
Dixon,1299
Dixon,1627
Dixon,4702
Dixon,1158
Dixon,2545
Dixon,4156
Dixon,3428
Dixon,896
Dixon,1022
Dixon,3871
Dixon,4766
Duncan,2906
Duncan,3349
Duncan,4024
Duncan,4426
Duncan,4963
Duncan,3684
Duncan,4400
Duncan,2231
Duncan,1039
Duncan,3646
Duncan,4103
Duncan,1882
Duncan,316
Duncan,4842
Duncan,1878
Duncan,2861
Duncan,4221
Duncan,2944
Duncan,4638
Duncan,3804
Duncan,916
Duncan,3923
Duncan,1407
Duncan,4551
Duncan,649
Duncan,4509
Duncan,3742
Duncan,1950
Duncan,2915
Duncan,4968
Dunn,502
Dunn,1648
Dunn,175
Dunn,2736
Dunn,835
Dunn,4375
Dunn,830
Dunn,793
Dunn,769
Dunn,430
Dunn,1302
Dunn,737
Dunn,1445
Dunn,2234
Dunn,4010
Dunn,2917
Edwards,3071
Edwards,4817
Edwards,259
Edwards,3808
Edwards,3878
Edwards,4073
Edwards,2559
Edwards,3817
Edwards,3379
Edwards,3137
Edwards,211
Edwards,4659
Edwards,282
Edwards,3926
Edwards,4113
Edwards,752
Edwards,4888
Edwards,2863
Edwards,367
Edwards,3828
Edwards,1572
Edwards,3013
Elliott,107
Elliott,2970
Elliott,1277
Elliott,4180
Elliott,3566
Elliott,4170
Elliott,2938
Elliott,4165
Elliott,3507
Elliott,1503
Elliott,328
Elliott,2842
Elliott,1318
Elliott,2664
Elliott,1984
Elliott,2220
Elliott,3246
Elliott,1165
Elliott,1979
Elliott,920
Elliott,2899
Elliott,2452
Elliott,1956
Elliott,1653
Elliott,223
Elliott,3953
Elliott,1364
Elliott,566
Ellis,1742
Ellis,46
Ellis,112
Ellis,4609
Ellis,4555
Ellis,4404
Ellis,424
Ellis,4109
Ellis,483
Ellis,525
Ellis,553
Ellis,3951
Ellis,683
Ellis,2878
Ellis,2818
Ellis,2771
Ellis,1246
Ellis,1293
Ellis,2277
Ellis,2252
Ellis,1536
Ellis,1540
Evans,1731
Evans,2448
Evans,1156
Evans,3615
Evans,2096
Evans,1500
Evans,1908
Evans,4415
Evans,1244
Evans,2994
Evans,2337
Evans,1843
Evans,1365
Evans,4206
Evans,4365
Evans,743
Evans,465
Evans,4731
Evans,3314
Evans,3642
Evans,3276
Evans,2777
Evans,991
Evans,1064
Ferguson,1980
Ferguson,1301
Ferguson,256
Ferguson,1952
Ferguson,3200
Ferguson,3264
Ferguson,4913
Ferguson,4368
Ferguson,3591
Ferguson,3773
Ferguson,2197
Ferguson,3032
Ferguson,704
Ferguson,1387
Ferguson,2404
Ferguson,2360
Ferguson,2369
Ferguson,4229
Fernandez,4439
Fernandez,1829
Fernandez,576
Fernandez,3931
Fernandez,510
Fernandez,539
Fernandez,2118
Fernandez,1053
Fernandez,951
Fernandez,127
Fernandez,2674
Fernandez,1577
Fernandez,4734
Fernandez,314
Fernandez,279
Fernandez,1151
Fields,773
Fields,3269
Fields,2920
Fields,3942
Fields,39
Fields,2125
Fields,1991
Fields,4259
Fields,4058
Fields,4072
Fields,4764
Fields,836
Fields,1640
Fields,4107
Fields,2775
Fisher,3169
Fisher,126
Fisher,3733
Fisher,3913
Fisher,2991
Fisher,414
Fisher,1559
Fisher,3232
Fisher,3750
Fisher,1113
Fisher,1205
Fisher,4664
Fisher,2122
Fisher,3259
Fisher,1911
Fisher,3308
Fisher,4244
Flores,4874
Flores,3899
Flores,2247
Flores,4843
Flores,1656
Flores,973
Flores,642
Flores,4102
Flores,3882
Flores,2276
Flores,253
Flores,1232
Flores,3458
Flores,684
Flores,2496
Flores,700
Ford,798
Ford,2144
Ford,353
Ford,3492
Ford,3165
Ford,4750
Ford,4987
Ford,3242
Ford,1114
Ford,133
Ford,627
Ford,232
Ford,2540
Ford,4271
Ford,915
Ford,2562
Ford,3587
Ford,3002
Ford,373
Foster,1621
Foster,3311
Foster,4155
Foster,4677
Foster,4167
Foster,2694
Foster,875
Foster,1869
Foster,319
Foster,844
Foster,4100
Foster,4962
Foster,4085
Foster,2058
Foster,2645
Foster,1242
Foster,3896
Foster,1009
Foster,2525
Foster,2029
Foster,1763
Foster,4595
Fowler,3520
Fowler,2179
Fowler,4480
Fowler,3698
Fowler,4818
Fowler,2002
Fowler,61
Fowler,2022
Fowler,1363
Fowler,1589
Fowler,2509
Fowler,1873
Fowler,2937
Fowler,2575
Fowler,2816
Fowler,648
Fowler,4241
Fowler,3504
Fowler,2609
Fowler,1421
Fowler,645
Fowler,3489
Fowler,4258
Fox,3729
Fox,852
Fox,856
Fox,3361
Fox,2999
Fox,1568
Fox,3502
Fox,4464
Fox,93
Fox,790
Fox,4398
Fox,4026
Fox,366
Fox,452
Fox,781
Fox,1778
Fox,3811
Fox,4431
Fox,3994
Fox,765
Fox,3617
Fox,4502
Fox,1904
Franklin,1004
Franklin,1777
Franklin,4807
Franklin,3094
Franklin,3897
Franklin,2834
Franklin,2795
Franklin,4582
Franklin,1596
Franklin,234
Franklin,843
Franklin,2050
Franklin,2083
Franklin,3643
Franklin,1376
Franklin,3819
Franklin,2248
Frazier,2781
Frazier,1934
Frazier,62
Frazier,3297
Frazier,4891
Frazier,2621
Frazier,4399
Frazier,3958
Frazier,4979
Frazier,4256
Frazier,4115
Frazier,4312
Frazier,1825
Frazier,3212
Frazier,28
Frazier,4498
Frazier,1997
Freeman,3278
Freeman,4031
Freeman,1868
Freeman,3172
Freeman,307
Freeman,4057
Freeman,4772
Freeman,2070
Freeman,4268
Freeman,1253
Freeman,2628
Freeman,1978
Freeman,4975
Freeman,1339
Freeman,1281
Freeman,2032
Freeman,2719
Freeman,2186
Freeman,3763
Freeman,2242
Fuller,3568
Fuller,4432
Fuller,1314
Fuller,2619
Fuller,1258
Fuller,1541
Fuller,3776
Fuller,2712
Fuller,2196
Fuller,1010
Fuller,1539
Fuller,3800
Fuller,4708
Fuller,4701
Fuller,3670
Fuller,3929
Fuller,3453
Fuller,1716
Fuller,2759
Fuller,1501
Garcia,745
Garcia,1063
Garcia,1062
Garcia,768
Garcia,2581
Garcia,296
Garcia,2469
Garcia,2146
Garcia,2654
Garcia,4447
Garcia,882
Garcia,3320
Garcia,4521
Garcia,1091
Garcia,4129
Garcia,4561
Garcia,4718
Garcia,3813
Garcia,3106
Garcia,2266
Garcia,111
Garcia,506
Gardner,3604
Gardner,965
Gardner,4091
Gardner,110
Gardner,154
Gardner,2751
Gardner,734
Gardner,70
Gardner,4122
Gardner,2161
Gardner,822
Gardner,2449
Gardner,1575
Gardner,1109
Gardner,2544
Gardner,1846
Gardner,1564
Gardner,2813
Gardner,10
Garrett,3218
Garrett,2837
Garrett,4966
Garrett,3261
Garrett,3282
Garrett,4988
Garrett,12
Garrett,742
Garrett,1308
Garrett,3752
Garrett,3830
Garrett,2331
Garrett,4039
Garrett,472
Garrett,4125
Garrett,410
Garrett,2114
Garrett,1519
Garrett,4471
Garrett,42
Garrett,2982
Garza,2730
Garza,1464
Garza,1469
Garza,459
Garza,4550
Garza,167
Garza,4730
Garza,130
Garza,4657
Garza,1987
Garza,308
Garza,1662
Garza,2692
Garza,1430
Garza,3879
Garza,345
Garza,1679
Garza,686
Garza,675
George,3564
George,1122
George,2359
George,1055
George,2981
George,318
George,936
George,4693
George,4314
George,2531
George,260
George,1579
George,674
George,22
George,3794
George,650
George,3132
George,1836
George,4032
George,350
Gibson,2411
Gibson,3291
Gibson,4601
Gibson,909
Gibson,2209
Gibson,3753
Gibson,671
Gibson,4158
Gibson,3677
Gibson,1498
Gibson,4298
Gibson,3055
Gibson,736
Gibson,1020
Gibson,4791
Gibson,3859
Gibson,3097
Gibson,3930
Gibson,1545
Gibson,2044
Gibson,803
Gibson,3156
Gibson,3190
Gibson,2307
Gilbert,3498
Gilbert,1651
Gilbert,1995
Gilbert,180
Gilbert,3517
Gilbert,1086
Gilbert,4290
Gilbert,4092
Gilbert,4491
Gilbert,2475
Gilbert,3964
Gilbert,2251
Gilbert,4941
Gilbert,199
Gilbert,3155
Gilbert,2727
Gilbert,2079
Gilbert,2988
Gilbert,3592
Gomez,2167
Gomez,3493
Gomez,552
Gomez,1195
Gomez,2053
Gomez,168
Gomez,1605
Gomez,3434
Gomez,4867
Gomez,3990
Gomez,718
Gomez,3547
Gomez,3367
Gomez,3026
Gomez,2769
Gomez,1344
Gomez,3192
Gomez,420
Gomez,2584
Gonzales,652
Gonzales,699
Gonzales,4880
Gonzales,1152
Gonzales,88
Gonzales,2661
Gonzales,3644
Gonzales,1816
Gonzales,2368
Gonzales,334
Gonzales,746
Gonzales,4052
Gonzales,4173
Gonzales,3803
Gonzales,755
Gonzales,3233
Gonzales,2444
Gonzales,610
Gonzales,3355
Gonzales,3357
Gonzales,2236
Gonzalez,475
Gonzalez,65
Gonzalez,4575
Gonzalez,2958
Gonzalez,4388
Gonzalez,1321
Gonzalez,2883
Gonzalez,2907
Gonzalez,647
Gonzalez,4392
Gonzalez,2425
Gonzalez,4831
Gonzalez,2767
Gonzalez,4071
Gordon,3932
Gordon,238
Gordon,1497
Gordon,4866
Gordon,1036
Gordon,4821
Gordon,4814
Gordon,3595
Gordon,2063
Gordon,1924
Gordon,4038
Gordon,1000
Gordon,992
Gordon,3538
Gordon,970
Gordon,792
Gordon,1254
Gordon,1197
Gordon,3482
Gordon,4649
Gordon,3756
Gordon,2405
Gordon,3772
Gordon,4174
Gordon,1074
Gordon,4001
Graham,3533
Graham,2021
Graham,1625
Graham,1689
Graham,676
Graham,3706
Graham,4760
Graham,3852
Graham,1001
Graham,868
Graham,756
Graham,4676
Graham,1448
Graham,4261
Graham,2703
Graham,724
Graham,4655
Graham,134
Graham,4984
Graham,2815
Graham,3363
Graham,3836
Grant,646
Grant,3864
Grant,2377
Grant,4191
Grant,2436
Grant,1315
Grant,735
Grant,4319
Grant,3589
Grant,3574
Grant,4376
Grant,862
Grant,4456
Grant,1188
Grant,2761
Grant,2803
Grant,3141
Grant,2887
Grant,1112
Grant,1776
Grant,58
Grant,4914
Grant,27
Grant,2304
Grant,2310
Gray,4247
Gray,3001
Gray,2484
Gray,4292
Gray,2983
Gray,1070
Gray,2622
Gray,1265
Gray,771
Gray,2577
Gray,1835
Gray,3565
Gray,4599
Gray,2553
Green,281
Green,1990
Green,2726
Green,3806
Green,272
Green,3681
Green,3665
Green,1624
Green,1035
Green,4215
Green,3532
Green,4390
Green,519
Green,2494
Green,1043
Green,3440
Greene,4902
Greene,864
Greene,825
Greene,3181
Greene,972
Greene,3937
Greene,999
Greene,4369
Greene,1007
Greene,4353
Greene,3063
Greene,355
Greene,82
Greene,3945
Greene,3025
Greene,2352
Greene,150
Greene,3020
Greene,4608
Greene,3267
Greene,4503
Griffin,4228
Griffin,615
Griffin,4423
Griffin,3323
Griffin,246
Griffin,1861
Griffin,2503
Griffin,1224
Griffin,2126
Griffin,4310
Griffin,1826
Griffin,2445
Griffin,2566
Griffin,612
Griffin,505
Gutierrez,4313
Gutierrez,4506
Gutierrez,1
Gutierrez,2552
Gutierrez,3884
Gutierrez,1967
Gutierrez,4081
Gutierrez,159
Gutierrez,3021
Gutierrez,1392
Gutierrez,4927
Gutierrez,3307
Hall,1251
Hall,35
Hall,865
Hall,890
Hall,1093
Hall,1389
Hall,1623
Hall,2105
Hall,2232
Hall,2295
Hall,2403
Hall,2487
Hall,2733
Hall,2776
Hall,2900
Hall,2971
Hall,4183
Hall,4220
Hall,4974
Hamilton,4460
Hamilton,370
Hamilton,549
Hamilton,4
Hamilton,1969
Hamilton,1789
Hamilton,4348
Hamilton,19
Hamilton,4403
Hamilton,4900
Hamilton,3870
Hamilton,1333
Hamilton,818
Hamilton,266
Hamilton,4935
Hamilton,2939
Hamilton,4852
Hamilton,2216
Hamilton,1587
Hamilton,378
Hamilton,2253
Hansen,527
Hansen,3469
Hansen,4419
Hansen,1426
Hansen,4352
Hansen,3166
Hansen,317
Hansen,3920
Hansen,192
Hansen,1329
Hanson,3672
Hanson,4703
Hanson,4706
Hanson,1403
Hanson,119
Hanson,689
Hanson,2035
Hanson,3411
Hanson,4362
Hanson,4354
Hanson,337
Hanson,2620
Hanson,4828
Hanson,4934
Hanson,4892
Harper,3855
Harper,2202
Harper,4078
Harper,3412
Harper,2870
Harper,1599
Harper,158
Harper,2783
Harper,1757
Harper,4018
Harper,1382
Harper,3214
Harper,3163
Harper,2327
Harper,3380
Harper,3015
Harper,860
Harper,1082
Harper,1015
Harper,3943
Harper,2062
Harper,4681
Harris,3415
Harris,799
Harris,3499
Harris,3965
Harris,163
Harris,1234
Harris,4246
Harris,2224
Harris,1449
Harris,1916
Harris,2099
Harris,4083
Harris,3444
Harris,3704
Harrison,4713
Harrison,1351
Harrison,2160
Harrison,1800
Harrison,4738
Harrison,954
Harrison,56
Harrison,4820
Harrison,484
Harrison,1977
Harrison,732
Harrison,495
Harrison,3009
Harrison,2641
Harrison,3092
Harrison,4757
Harrison,13
Harrison,1686
Harrison,395
Harrison,2517
Harrison,3342
Harrison,1347
Harrison,1127
Harrison,1723
Hart,3209
Hart,3421
Hart,845
Hart,30
Hart,570
Hart,3946
Hart,1023
Hart,1024
Hart,1065
Hart,4886
Hart,4219
Hart,1946
Hart,4249
Hart,1200
Hart,4332
Hart,4389
Hart,2485
Hart,2347
Hart,1534
Hart,4748
Hart,2303
Hart,173
Hart,4651
Hart,2169
Harvey,644
Harvey,4406
Harvey,975
Harvey,827
Harvey,2018
Harvey,3279
Harvey,3569
Harvey,4769
Harvey,2182
Harvey,2031
Harvey,423
Harvey,626
Harvey,2922
Harvey,426
Harvey,4953
Harvey,4318
Harvey,1446
Harvey,4162
Harvey,4159
Harvey,848
Harvey,3343
Harvey,2701
Harvey,2747
Harvey,1555
Harvey,1169
Harvey,3312
Harvey,2865
Harvey,4396
Hawkins,4478
Hawkins,4265
Hawkins,1176
Hawkins,3154
Hawkins,2198
Hawkins,200
Hawkins,203
Hawkins,1054
Hawkins,2148
Hawkins,958
Hawkins,4528
Hawkins,1866
Hawkins,3693
Hawkins,3699
Hawkins,68
Hawkins,4410
Hawkins,3560
Hawkins,3399
Hawkins,2530
Hawkins,2548
Hawkins,2658
Hawkins,1976
Hawkins,1162
Hawkins,4278
Hawkins,1217
Hayes,3863
Hayes,1512
Hayes,1571
Hayes,1311
Hayes,3354
Hayes,2067
Hayes,4573
Hayes,1030
Hayes,1719
Hayes,2604
Hayes,3889
Hayes,1050
Hayes,2212
Hayes,3551
Hayes,1237
Hayes,2831
Hayes,4696
Hayes,471
Hayes,3031
Hayes,3465
Hayes,251
Hayes,4465
Hayes,3157
Hayes,1859
Hayes,4470
Hayes,897
Hayes,1213
Hayes,4015
Hayes,4492
Henderson,1144
Henderson,3201
Henderson,3869
Henderson,3858
Henderson,3287
Henderson,1097
Henderson,2930
Henderson,4671
Henderson,632
Henderson,2741
Henderson,1475
Henderson,1233
Henderson,2529
Henderson,289
Henderson,3449
Henderson,2419
Henderson,1360
Henderson,2389
Henderson,2376
Henderson,791
Henderson,4566
Henderson,2093
Henderson,777
Henderson,2098
Henderson,3145
Henderson,4915
Henderson,556
Henderson,3128
Henry,1595
Henry,3501
Henry,1550
Henry,2170
Henry,2043
Henry,1938
Henry,3138
Henry,170
Henry,3687
Henry,2642
Henry,3358
Henry,2852
Henry,20
Henry,4240
Henry,2190
Henry,504
Henry,550
Henry,1047
Henry,783
Henry,188
Henry,4606
Henry,1219
Henry,2871
Henry,1642
Henry,625
Henry,764
Hernandez,29
Hernandez,3600
Hernandez,1116
Hernandez,672
Hernandez,1325
Hernandez,833
Hernandez,1530
Hernandez,3102
Hernandez,3874
Hernandez,3127
Hernandez,3782
Hernandez,1171
Hernandez,217
Hernandez,4943
Hernandez,2608
Hernandez,3240
Hernandez,169
Hernandez,1153
Hernandez,4350
Hernandez,3764
Hernandez,1881
Hernandez,4774
Hernandez,4279
Hernandez,2951
Hicks,109
Hicks,422
Hicks,1240
Hicks,3101
Hicks,2854
Hicks,3754
Hicks,3826
Hicks,450
Hicks,115
Hicks,2024
Hicks,2446
Hicks,2038
Hicks,3277
Hicks,4753
Hicks,4660
Hicks,4068
Hicks,2318
Hicks,4610
Hicks,693
Hicks,710
Hicks,1179
Hicks,1675
Hicks,1945
Hicks,2693
Hicks,86
Hicks,4185
Hill,3682
Hill,1663
Hill,698
Hill,3690
Hill,4767
Hill,4118
Hill,3790
Hill,3437
Hill,4195
Hill,4151
Hill,2046
Hill,4363
Hill,4138
Hill,4580
Hill,3999
Hill,4586
Hill,2279
Hill,1643
Holmes,2119
Holmes,564
Holmes,1212
Holmes,2723
Holmes,1998
Holmes,4121
Holmes,3515
Holmes,4926
Holmes,501
Holmes,655
Holmes,2535
Holmes,4275
Holmes,2343
Holmes,4667
Holmes,2372
Holmes,4108
Holmes,1490
Holmes,194
Holmes,1422
Howard,3134
Howard,2956
Howard,2382
Howard,1705
Howard,4056
Howard,614
Howard,2512
Howard,618
Howard,1436
Howard,104
Howard,2211
Howard,2095
Howard,3536
Howard,3935
Howard,4685
Howard,657
Howard,462
Howard,4101
Howard,4090
Howard,1110
Howell,2302
Howell,2306
Howell,2836
Howell,4422
Howell,1549
Howell,284
Howell,3625
Howell,3159
Howell,794
Howell,4876
Howell,4983
Howell,1128
Howell,1330
Howell,2963
Howell,1174
Howell,3936
Howell,2351
Howell,3301
Howell,1602
Howell,1508
Howell,3641
Hudson,1462
Hudson,7
Hudson,2026
Hudson,1505
Hudson,4683
Hudson,4624
Hudson,275
Hudson,1322
Hudson,2864
Hudson,2926
Hudson,2977
Hudson,1072
Hudson,3019
Hudson,3262
Hudson,3470
Hughes,3736
Hughes,3480
Hughes,1877
Hughes,2213
Hughes,1760
Hughes,2153
Hughes,662
Hughes,2047
Hughes,2925
Hughes,961
Hughes,3117
Hughes,1840
Hughes,4754
Hughes,797
Hughes,1707
Hughes,4536
Hughes,867
Hughes,1434
Hughes,957
Hughes,1594
Hughes,2080
Hughes,2745
Hughes,3602
Hughes,2051
Hughes,4724
Hughes,2470
Hughes,44
Hughes,880
Hunt,1658
Hunt,2910
Hunt,4145
Hunt,1245
Hunt,3457
Hunt,3509
Hunt,4670
Hunt,3730
Hunt,681
Hunt,2094
Hunt,4839
Hunt,3904
Hunt,247
Hunt,302
Hunt,1808
Hunter,2298
Hunter,4658
Hunter,4338
Hunter,2704
Hunter,3317
Hunter,1477
Hunter,3890
Hunter,3158
Hunter,4770
Hunter,547
Hunter,1795
Hunter,3193
Hunter,2480
Hunter,1607
Hunter,2686
Hunter,2075
Hunter,3524
Hunter,929
Hunter,3887
Hunter,1412
Hunter,1660
Jackson,545
Jackson,3286
Jackson,4466
Jackson,3974
Jackson,486
Jackson,963
Jackson,409
Jackson,4322
Jackson,2451
Jackson,4542
Jackson,881
Jackson,3521
Jackson,3703
Jackson,1088
Jackson,3468
Jackson,3861
Jacobs,2019
Jacobs,3168
Jacobs,2515
Jacobs,1275
Jacobs,99
Jacobs,3506
Jacobs,2804
Jacobs,2533
Jacobs,1902
Jacobs,1502
Jacobs,731
Jacobs,255
Jacobs,4925
Jacobs,187
Jacobs,911
Jacobs,4918
Jacobs,1876
Jacobs,2479
Jacobs,4910
Jacobs,3712
Jacobs,4458
James,4297
James,2634
James,3576
James,3187
James,1619
James,4296
James,563
James,1574
James,494
James,4797
James,2651
James,1581
James,2714
James,2514
James,1423
James,3027
James,4735
James,2432
James,1935
James,4510
James,1635
Jenkins,1673
Jenkins,1687
Jenkins,419
Jenkins,4530
Jenkins,2375
Jenkins,3089
Jenkins,2090
Jenkins,344
Jenkins,482
Jenkins,1210
Jenkins,4150
Jenkins,4849
Jenkins,990
Jenkins,1892
Jenkins,2569
Jenkins,2690
Jenkins,2576
Jenkins,3737
Jenkins,2381
Jenkins,3797
Jenkins,456
Jenkins,515
Jenkins,1338
Jenkins,4538
Jenkins,55
Jenkins,967
Johnson,4054
Johnson,2183
Johnson,1517
Johnson,3041
Johnson,2909
Johnson,3058
Johnson,1507
Johnson,1837
Johnson,1551
Johnson,3940
Johnson,1160
Johnson,723
Johnson,2716
Johnson,4952
Johnson,3073
Johnson,1646
Johnson,637
Johnson,2966
Johnson,666
Johnston,2657
Johnston,4309
Johnston,3048
Johnston,4435
Johnston,2081
Johnston,3645
Johnston,3260
Johnston,3316
Johnston,1639
Johnston,3658
Johnston,542
Johnston,3220
Johnston,2229
Johnston,1972
Johnston,428
Johnston,4380
Johnston,1758
Johnston,4453
Johnston,4627
Jones,4830
Jones,71
Jones,4401
Jones,196
Jones,4413
Jones,1134
Jones,4119
Jones,1628
Jones,4493
Jones,3098
Jones,4804
Jones,4895
Jones,382
Jones,4539
Jones,3792
Jones,3916
Jones,1350
Jones,3982
Jones,1728
Jones,3486
Jones,1391
Jordan,4248
Jordan,1985
Jordan,3938
Jordan,2744
Jordan,4066
Jordan,1416
Jordan,2720
Jordan,2001
Jordan,554
Jordan,805
Jordan,995
Jordan,2699
Jordan,4013
Jordan,332
Jordan,1183
Kelley,4084
Kelley,3599
Kelley,2996
Kelley,4045
Kelley,4859
Kelley,80
Kelley,14
Kelley,155
Kelley,3350
Kelley,4245
Kelley,3815
Kelley,4794
Kelley,587
Kelley,4829
Kelley,321
Kelley,4911
Kelley,4337
Kelley,1562
Kelley,4302
Kelley,3173
Kelley,4299
Kelly,444
Kelly,4146
Kelly,4117
Kelly,1949
Kelly,3194
Kelly,4564
Kelly,3371
Kelly,1006
Kelly,2652
Kelly,1754
Kelly,2214
Kelly,4029
Kelly,1369
Kelly,330
Kelly,1304
Kelly,434
Kelly,1793
Kelly,4619
Kelly,4967
Kennedy,3620
Kennedy,826
Kennedy,2110
Kennedy,3734
Kennedy,1880
Kennedy,2717
Kennedy,1788
Kennedy,1708
Kennedy,3385
Kennedy,1953
Kennedy,2014
Kennedy,2933
Kennedy,4699
Kennedy,761
Kennedy,4080
Kennedy,1520
Kennedy,2696
Kennedy,1973
Kennedy,153
Kennedy,2521
Kim,893
Kim,784
Kim,2605
Kim,4197
Kim,1694
Kim,313
Kim,3370
Kim,4524
Kim,1678
Kim,1566
Kim,3090
Kim,2324
Kim,870
Kim,3972
Kim,1404
Kim,2364
Kim,16
Kim,4833
Kim,2824
Kim,4661
King,4768
King,1286
King,3348
King,3347
King,2490
King,821
King,4116
King,841
King,4366
King,123
King,1263
King,3727
King,3066
King,2858
King,2627
King,4287
King,901
King,50
King,2435
King,1792
King,1964
King,2056
King,3178
King,4611
Knight,1473
Knight,1670
Knight,4663
Knight,2371
Knight,2406
Knight,838
Knight,1538
Knight,2156
Knight,3631
Knight,4236
Knight,3915
Knight,3970
Knight,739
Knight,3331
Knight,3647
Knight,3448
Knight,2013
Knight,3014
Knight,2492
Knight,3162
Knight,3960
Knight,4367
Knight,938
Knight,4361
Lane,1202
Lane,2316
Lane,3534
Lane,4020
Lane,18
Lane,4656
Lane,2004
Lane,4838
Lane,2269
Lane,2997
Lane,4848
Lane,3586
Lane,2821
Lane,1960
Lane,1674
Lane,1447
Lane,782
Lane,2691
Lane,320
Lane,1752
Lane,3289
Larson,89
Larson,4643
Larson,717
Larson,4326
Larson,396
Larson,3198
Larson,1032
Larson,4448
Larson,3909
Larson,1454
Larson,2233
Larson,3377
Larson,1611
Larson,3463
Larson,229
Larson,628
Larson,3710
Lawrence,2766
Lawrence,1655
Lawrence,3047
Lawrence,2454
Lawrence,2457
Lawrence,4255
Lawrence,4620
Lawrence,3856
Lawrence,2998
Lawrence,1189
Lawrence,1958
Lawrence,201
Lawrence,1095
Lawrence,460
Lawrence,2541
Lawrence,589
Lawrence,2189
Lawrence,4692
Lawrence,185
Lawrence,2115
Lawrence,4304
Lawrence,3423
Lawrence,3495
Lawrence,4605
Lawrence,1740
Lawrence,3483
Lawson,2919
Lawson,2048
Lawson,3386
Lawson,1690
Lawson,530
Lawson,4522
Lawson,2423
Lawson,3431
Lawson,1801
Lawson,3336
Lawson,205
Lawson,4588
Lawson,1133
Lawson,808
Lawson,1313
Lawson,3622
Lawson,3247
Lawson,1721
Lawson,4799
Lawson,3144
Lawson,4334
Lawson,1236
Lawson,2112
Lawson,2380
Lee,1186
Lee,1038
Lee,106
Lee,1509
Lee,1261
Lee,4359
Lee,3778
Lee,631
Lee,3627
Lee,237
Lee,218
Lee,1239
Lee,4631
Lee,4529
Lee,1154
Lee,3761
Lee,939
Lee,468
Lewis,3769
Lewis,3540
Lewis,4131
Lewis,2707
Lewis,3544
Lewis,3395
Lewis,3545
Lewis,298
Lewis,3939
Lewis,892
Lewis,2845
Lewis,879
Lewis,4424
Lewis,2799
Lewis,947
Lewis,2817
Lewis,3973
Lewis,1772
Lewis,665
Lewis,2942
Lewis,3573
Lewis,2041
Lewis,4763
Lewis,2091
Lewis,4511
Lewis,1711
Lewis,121
Lewis,729
Lewis,4346
Lewis,4082
Lewis,161
Little,2194
Little,2682
Little,4816
Little,839
Little,1107
Little,2602
Little,4153
Little,3327
Little,4383
Little,274
Little,2421
Little,599
Little,2335
Little,2616
Little,2763
Little,3854
Little,2671
Little,1178
Little,869
Little,661
Little,3959
Little,2586
Little,3505
Long,481
Long,2192
Long,4604
Long,4558
Long,2334
Long,3807
Long,622
Long,3230
Long,3081
Long,3044
Long,443
Long,1061
Long,1080
Long,4067
Long,1609
Lopez,4969
Lopez,341
Lopez,529
Lopez,2123
Lopez,586
Lopez,2636
Lopez,1650
Lopez,2695
Lopez,2811
Lopez,2655
Lopez,3910
Lopez,4929
Lopez,1773
Lopez,4495
Lopez,3894
Lopez,1735
Lopez,4919
Lopez,2434
Lopez,2317
Lopez,4019
Lopez,4455
Lopez,473
Lopez,3575
Lopez,3006
Lynch,3925
Lynch,1733
Lynch,1614
Lynch,4014
Lynch,2239
Lynch,135
Lynch,209
Lynch,1271
Lynch,2681
Lynch,3417
Lynch,2288
Lynch,2291
Lynch,3883
Lynch,2564
Lynch,3053
Lynch,762
Lynch,3865
Lynch,3466
Lynch,1468
Lynch,2174
Lynch,3695
Lynch,1052
Lynch,3083
Lynch,613
Lynch,2033
Marshall,4907
Marshall,2739
Marshall,3270
Marshall,1400
Marshall,2489
Marshall,4053
Marshall,1584
Marshall,3510
Marshall,440
Marshall,4074
Marshall,3189
Marshall,4428
Marshall,57
Marshall,730
Marshall,4884
Marshall,4335
Marshall,4149
Martin,79
Martin,824
Martin,513
Martin,3713
Martin,819
Martin,2152
Martin,2574
Martin,4347
Martin,3118
Martin,1817
Martin,1807
Martin,774
Martin,331
Martin,705
Martin,3330
Martin,2984
Martin,2027
Martin,3346
Martin,4717
Martin,2429
Martin,3374
Martin,1922
Martin,4012
Martinez,3410
Martinez,2028
Martinez,3659
Martinez,2967
Martinez,385
Martinez,4781
Martinez,4811
Martinez,3688
Martinez,1887
Martinez,573
Martinez,3272
Martinez,120
Martinez,3263
Martinez,2390
Martinez,1094
Martinez,4725
Martinez,4559
Martinez,1613
Martinez,3142
Martinez,3705
Martinez,1124
Mason,2964
Mason,1211
Mason,3966
Mason,364
Mason,435
Mason,2962
Mason,2780
Mason,72
Mason,4286
Mason,4526
Mason,4418
Mason,4543
Mason,3634
Mason,4461
Mason,3777
Mason,854
Mason,2402
Mason,770
Mason,740
Mason,4810
Mason,412
Mason,4425
Mason,4360
Mason,4002
Mason,3450
Mason,1782
Mason,811
Matthews,1388
Matthews,397
Matthews,4239
Matthews,4933
Matthews,3635
Matthews,4865
Matthews,3816
Matthews,3413
Matthews,923
Matthews,4251
Matthews,1644
Matthews,4746
Matthews,4061
Mccoy,1620
Mccoy,974
Mccoy,1992
Mccoy,3241
Mccoy,3961
Mccoy,2718
Mccoy,1812
Mccoy,624
Mccoy,4779
Mccoy,2471
Mccoy,4216
Mccoy,21
Mccoy,4011
Mccoy,4190
Mccoy,3422
Mccoy,4532
Mccoy,4574
Mccoy,4720
Mccoy,1126
Mccoy,2877
Mccoy,4628
Mccoy,2897
Mccoy,466
Mccoy,476
Mccoy,2129
Mcdonald,3924
Mcdonald,2752
Mcdonald,1092
Mcdonald,2923
Mcdonald,354
Mcdonald,1289
Mcdonald,4908
Mcdonald,1989
Mcdonald,2934
Mcdonald,2830
Mcdonald,2976
Mcdonald,4264
Mcdonald,2590
Mcdonald,1928
Mcdonald,1543
Mcdonald,1190
Mcdonald,2558
Mcdonald,464
Mcdonald,3601
Mcdonald,1120
Mcdonald,3989
Medina,2011
Medina,1806
Medina,2848
Medina,4009
Medina,653
Medina,1874
Medina,84
Medina,3365
Medina,1058
Medina,2626
Medina,866
Medina,4232
Medina,2840
Medina,2820
Medina,2228
Medina,2456
Medina,598
Medina,63
Medina,1710
Medina,702
Medina,4726
Medina,4776
Mendoza,2104
Mendoza,45
Mendoza,1077
Mendoza,207
Mendoza,3518
Mendoza,3519
Mendoza,2365
Mendoza,2808
Mendoza,1450
Mendoza,4446
Mendoza,3227
Mendoza,4111
Mendoza,1336
Mendoza,789
Mendoza,1266
Mendoza,1170
Mendoza,2879
Mendoza,641
Mendoza,2508
Meyer,339
Meyer,3722
Meyer,1762
Meyer,2245
Meyer,2230
Meyer,3969
Meyer,2894
Meyer,950
Meyer,177
Meyer,1012
Meyer,715
Meyer,590
Meyer,429
Meyer,1630
Miller,1192
Miller,1079
Miller,1491
Miller,1657
Miller,4855
Miller,788
Miller,3217
Miller,4444
Miller,1129
Miller,533
Miller,757
Miller,1018
Miller,2272
Miller,3012
Miller,2794
Miller,2361
Miller,4188
Miller,1136
Miller,507
Miller,2825
Miller,2506
Miller,3554
Miller,899
Mills,1215
Mills,1527
Mills,4474
Mills,2415
Mills,1548
Mills,2528
Mills,4328
Mills,1937
Mills,3947
Mills,3180
Mills,3834
Mills,3394
Mills,3686
Mills,3679
Mills,3662
Mills,3537
Mitchell,4306
Mitchell,1155
Mitchell,145
Mitchell,3454
Mitchell,3435
Mitchell,2474
Mitchell,3420
Mitchell,4234
Mitchell,1910
Mitchell,2330
Mitchell,806
Mitchell,4540
Mitchell,2709
Mitchell,1917
Mitchell,4537
Mitchell,2442
Montgomery,3774
Montgomery,1274
Montgomery,3802
Montgomery,4527
Montgomery,4773
Montgomery,2258
Montgomery,3669
Montgomery,4035
Montgomery,399
Montgomery,1486
Montgomery,463
Montgomery,3226
Montgomery,1499
Montgomery,54
Montgomery,980
Montgomery,1764
Moore,1316
Moore,4295
Moore,617
Moore,1327
Moore,937
Moore,3757
Moore,2010
Moore,290
Moore,1715
Moore,4853
Moore,3607
Moore,2464
Moore,2851
Moore,3115
Moore,2880
Moore,3791
Moore,1943
Morales,4176
Morales,4981
Morales,1474
Morales,1966
Morales,5000
Morales,1699
Morales,3801
Morales,371
Morales,8
Morales,898
Morales,1915
Morales,3208
Morales,125
Morales,889
Morales,4854
Moreno,2732
Moreno,3844
Moreno,1809
Moreno,1732
Moreno,4881
Moreno,490
Moreno,1819
Moreno,4128
Moreno,3590
Moreno,876
Moreno,4870
Moreno,709
Moreno,3603
Moreno,2493
Moreno,4434
Moreno,4438
Moreno,3528
Moreno,4679
Moreno,1755
Moreno,3494
Moreno,3170
Moreno,1698
Moreno,3460
Moreno,1194
Moreno,1415
Morgan,4262
Morgan,49
Morgan,3
Morgan,1722
Morgan,2177
Morgan,1471
Morgan,2180
Morgan,2087
Morgan,2595
Morgan,2607
Morgan,2039
Morgan,368
Morgan,3845
Morgan,4266
Morgan,1216
Morgan,2788
Morgan,3352
Morgan,593
Morgan,1131
Morgan,2338
Morgan,577
Morris,4517
Morris,1033
Morris,1563
Morris,3017
Morris,4499
Morris,3626
Morris,4616
Morris,128
Morris,3739
Morris,2555
Morris,4291
Morris,2463
Morris,1297
Morris,1968
Morris,2677
Morris,1905
Morris,4519
Morris,2145
Morris,1081
Morrison,606
Morrison,1432
Morrison,1295
Morrison,969
Morrison,4199
Morrison,461
Morrison,4942
Morrison,261
Morrison,2706
Morrison,3535
Morrison,1371
Morrison,179
Morrison,4355
Morrison,4070
Morrison,3877
Morrison,3273
Murphy,1135
Murphy,3188
Murphy,1442
Murphy,2518
Murphy,1334
Murphy,2501
Murphy,3120
Murphy,2974
Murphy,1429
Murphy,4463
Murphy,3927
Murphy,392
Murphy,1368
Murphy,3108
Murphy,3995
Murphy,858
Murphy,4500
Murphy,512
Murphy,2101
Murphy,4618
Murphy,758
Murphy,4733
Murray,3985
Murray,3003
Murray,1459
Murray,1148
Murray,2786
Murray,524
Murray,1172
Murray,4690
Murray,51
Murray,2666
Murray,222
Murray,2633
Murray,4484
Murray,571
Murray,1785
Murray,3902
Murray,47
Murray,4342
Murray,3873
Murray,2481
Murray,607
Myers,3408
Myers,4069
Myers,3683
Myers,2069
Myers,3131
Myers,3065
Myers,4333
Myers,1119
Myers,2892
Myers,3296
Myers,3275
Myers,1140
Myers,4222
Myers,220
Myers,3328
Myers,4790
Myers,1634
Myers,4715
Myers,4635
Myers,4704
Myers,1029
Myers,1337
Myers,3637
Myers,1513
Myers,3123
Myers,3749
Myers,1207
Nelson,1626
Nelson,982
Nelson,394
Nelson,4752
Nelson,372
Nelson,2354
Nelson,283
Nelson,1749
Nelson,4906
Nelson,4050
Nelson,1294
Nelson,377
Nelson,2914
Nelson,3231
Nelson,1284
Nguyen,376
Nguyen,3918
Nguyen,4373
Nguyen,2978
Nguyen,2147
Nguyen,4653
Nguyen,2743
Nguyen,1936
Nguyen,358
Nguyen,3476
Nguyen,1971
Nguyen,3787
Nguyen,785
Nguyen,1453
Nguyen,654
Nguyen,2546
Nguyen,1981
Nguyen,3490
Nguyen,834
Nguyen,528
Nguyen,1328
Nguyen,2680
Nguyen,2409
Nguyen,3827
Nguyen,3701
Nichols,1419
Nichols,1221
Nichols,357
Nichols,3487
Nichols,41
Nichols,338
Nichols,2392
Nichols,3203
Nichols,4027
Nichols,753
Nichols,4646
Nichols,453
Nichols,4132
Nichols,2467
Nichols,1305
Nichols,2524
Nichols,2912
Nichols,1853
Nichols,2296
Nichols,3846
Oliver,2006
Oliver,804
Oliver,2885
Oliver,568
Oliver,493
Oliver,4938
Oliver,1259
Oliver,4901
Oliver,1045
Oliver,2175
Oliver,2158
Oliver,3405
Oliver,2185
Oliver,2260
Oliver,4382
Oliver,162
Oliver,4824
Oliver,2598
Oliver,3045
Olson,596
Olson,1326
Olson,2225
Olson,3676
Olson,3656
Olson,268
Olson,1317
Olson,809
Olson,3768
Olson,3337
Olson,767
Olson,2798
Olson,3765
Olson,3868
Olson,3253
Olson,240
Olson,3257
Olson,1249
Olson,151
Olson,4875
Olson,656
Olson,2488
Olson,2935
Olson,2244
Olson,4856
Ortiz,521
Ortiz,3809
Ortiz,3184
Ortiz,252
Ortiz,697
Ortiz,2594
Ortiz,4187
Ortiz,2823
Ortiz,2624
Ortiz,580
Ortiz,176
Ortiz,544
Ortiz,3760
Ortiz,1185
Ortiz,1481
Owens,4320
Owens,1103
Owens,1164
Owens,3997
Owens,1495
Owens,2663
Owens,3934
Owens,4921
Owens,2583
Owens,3222
Owens,103
Owens,601
Owens,269
Owens,2134
Owens,2355
Owens,3424
Owens,2076
Owens,2271
Owens,1431
Owens,1718
Palmer,3151
Palmer,2287
Palmer,1149
Palmer,4898
Palmer,4427
Palmer,1951
Palmer,1380
Palmer,224
Palmer,2614
Palmer,4508
Palmer,4305
Palmer,1161
Palmer,1405
Palmer,1821
Palmer,1664
Parker,202
Parker,2648
Parker,2163
Parker,295
Parker,417
Parker,2538
Parker,678
Parker,4889
Parker,1999
Parker,4541
Parker,3315
Parker,4623
Parker,3751
Parker,3376
Parker,245
Parker,3249
Patterson,3892
Patterson,3578
Patterson,2931
Patterson,3832
Patterson,4049
Patterson,2868
Patterson,3986
Patterson,4046
Patterson,3552
Patterson,4433
Patterson,474
Patterson,1157
Patterson,2527
Patterson,3786
Patterson,1879
Patterson,1867
Patterson,3993
Patterson,4473
Patterson,181
Patterson,2106
Patterson,4882
Patterson,467
Payne,1552
Payne,3195
Payne,2536
Payne,1948
Payne,4789
Payne,1041
Payne,4469
Payne,480
Payne,2073
Payne,943
Payne,585
Payne,2826
Perez,1026
Perez,221
Perez,3629
Perez,2757
Perez,1439
Perez,152
Perez,4276
Perez,4257
Perez,3042
Perez,592
Perez,3040
Perez,2949
Perez,733
Perez,4714
Perez,630
Perez,616
Perez,4301
Perez,3696
Perez,248
Perez,2905
Perkins,212
Perkins,277
Perkins,2280
Perkins,815
Perkins,499
Perkins,2191
Perkins,3333
Perkins,3248
Perkins,270
Perkins,2455
Perkins,2137
Perkins,1340
Perkins,4340
Perkins,3216
Perkins,2036
Perkins,3895
Perkins,4477
Perkins,2366
Perkins,3403
Perkins,2255
Perkins,1567
Perkins,1425
Perkins,2323
Perkins,725
Perkins,2968
Perry,2639
Perry,1375
Perry,4048
Perry,691
Perry,3285
Perry,1320
Perry,3785
Perry,1849
Perry,4331
Perry,1796
Perry,3949
Perry,4997
Perry,1896
Perry,1770
Perry,90
Perry,987
Perry,4851
Perry,1618
Perry,3303
Perry,2222
Perry,2992
Perry,3079
Perry,4034
Perry,1864
Peters,558
Peters,1713
Peters,1993
Peters,2422
Peters,2600
Peters,25
Peters,4920
Peters,2908
Peters,551
Peters,1319
Peters,548
Peters,1903
Peters,4572
Peters,2270
Peters,1175
Peters,4669
Peters,3062
Peters,787
Peters,508
Peterson,713
Peterson,4496
Peterson,3401
Peterson,1241
Peterson,4088
Peterson,885
Peterson,3715
Peterson,1528
Peterson,3430
Peterson,1930
Peterson,2565
Peterson,4749
Peterson,692
Peterson,1310
Peterson,3596
Peterson,3353
Peterson,4937
Peterson,546
Peterson,3716
Peterson,4694
Phillips,1182
Phillips,1695
Phillips,4263
Phillips,720
Phillips,2672
Phillips,1384
Phillips,953
Phillips,3070
Phillips,4445
Phillips,4622
Phillips,1287
Phillips,2554
Phillips,1130
Phillips,1460
Phillips,3318
Pierce,3835
Pierce,1465
Pierce,2827
Pierce,707
Pierce,500
Pierce,1591
Pierce,2649
Pierce,749
Pierce,75
Pierce,26
Pierce,2235
Pierce,2109
Pierce,4637
Pierce,4992
Pierce,3035
Pierce,2267
Pierce,2342
Pierce,3236
Pierce,1198
Pierce,1208
Pierce,348
Pierce,4835
Porter,1102
Porter,1521
Porter,4976
Porter,942
Porter,1665
Porter,160
Porter,2578
Porter,384
Porter,1420
Porter,3095
Porter,3341
Porter,1291
Porter,347
Porter,3491
Porter,1085
Powell,4016
Powell,3309
Powell,595
Powell,4370
Powell,4796
Powell,3888
Powell,2593
Powell,343
Powell,52
Powell,2311
Powell,680
Powell,2731
Powell,4592
Powell,2790
Powell,184
Powell,2217
Powell,1504
Powell,1457
Powell,2843
Powell,1884
Powell,2895
Powell,2959
Powell,4689
Powell,1888
Powell,2009
Price,2223
Price,1167
Price,3562
Price,2571
Price,4230
Price,3116
Price,677
Price,832
Price,3140
Price,4395
Price,2384
Price,3205
Price,2510
Price,4642
Price,1724
Ramirez,4044
Ramirez,3720
Ramirez,983
Ramirez,579
Ramirez,4329
Ramirez,2631
Ramirez,1138
Ramirez,3675
Ramirez,4204
Ramirez,2373
Ramirez,706
Ramirez,4217
Ramirez,191
Ramirez,2986
Ramirez,842
Ramirez,3983
Ramirez,3334
Ramirez,4379
Ramirez,4603
Ramirez,1187
Ramirez,4133
Ramos,1729
Ramos,1803
Ramos,1814
Ramos,1622
Ramos,2367
Ramos,2370
Ramos,2426
Ramos,2800
Ramos,2847
Ramos,2893
Ramos,3500
Ramos,3678
Ramos,3755
Ramos,3862
Ramos,4059
Ramos,416
Ramos,329
Ramos,4514
Ramos,4897
Ray,3711
Ray,2472
Ray,2478
Ray,2822
Ray,532
Ray,4744
Ray,4562
Ray,4218
Ray,2957
Ray,1378
Ray,4475
Ray,1105
Ray,3745
Ray,837
Ray,2806
Ray,3692
Ray,3215
Reed,2263
Reed,934
Reed,2057
Reed,306
Reed,4879
Reed,1444
Reed,1410
Reed,2
Reed,2585
Reed,210
Reed,4281
Reed,3567
Reed,905
Reed,3780
Reed,4505
Reed,930
Reed,1048
Reed,3164
Reed,2257
Reed,4792
Reid,3332
Reid,2256
Reid,4742
Reid,4004
Reid,4896
Reid,2441
Reid,883
Reid,3619
Reid,511
Reid,1862
Reid,59
Reid,3747
Reid,2042
Reyes,914
Reyes,4985
Reyes,918
Reyes,293
Reyes,2124
Reyes,538
Reyes,2007
Reyes,3810
Reyes,3624
Reyes,1561
Reyes,2563
Reyes,48
Reyes,2778
Reyes,3484
Reyes,3661
Reyes,2543
Reyes,582
Reyes,4105
Reyes,1820
Reyes,660
Reyes,1145
Reyes,369
Reyes,1529
Reyes,800
Reynolds,4723
Reynolds,651
Reynolds,1046
Reynolds,146
Reynolds,4982
Reynolds,1542
Reynolds,2979
Reynolds,3219
Reynolds,310
Reynolds,1401
Reynolds,2154
Rice,2340
Rice,2243
Rice,3087
Rice,2150
Rice,4196
Rice,2483
Rice,3213
Rice,4126
Rice,4996
Rice,4487
Rice,2362
Rice,2625
Rice,2973
Rice,863
Rice,3876
Rice,335
Rice,3294
Rice,4022
Rice,3093
Richards,1668
Richards,172
Richards,1307
Richards,4238
Richards,578
Richards,4513
Richards,3183
Richards,3028
Richards,2630
Richards,3723
Richards,4043
Richards,694
Richards,2753
Richards,3033
Richards,2724
Richards,1975
Richards,3059
Richardson,823
Richardson,3022
Richardson,2659
Richardson,4716
Richardson,3150
Richardson,1402
Richardson,4944
Richardson,1654
Richardson,2890
Richardson,1920
Riley,4563
Riley,4940
Riley,4836
Riley,3843
Riley,4993
Riley,1573
Riley,4650
Riley,4384
Riley,2656
Riley,3046
Riley,183
Riley,4705
Riley,2881
Riley,2715
Riley,1544
Riley,4086
Riley,3514
Riley,1372
Riley,1672
Riley,1482
Riley,1815
Riley,24
Riley,1121
Riley,1797
Rivera,2504
Rivera,4139
Rivera,1906
Rivera,4930
Rivera,2427
Rivera,2896
Rivera,2539
Rivera,352
Rivera,2363
Rivera,603
Rivera,4516
Rivera,3979
Rivera,3793
Rivera,4600
Rivera,3580
Rivera,2131
Rivera,2143
Rivera,4793
Rivera,108
Rivera,3298
Rivera,2710
Rivera,1855
Rivera,3473
Roberts,2884
Roberts,3011
Roberts,3237
Roberts,2477
Roberts,1781
Roberts,3204
Roberts,4104
Roberts,2071
Roberts,857
Roberts,3174
Roberts,140
Roberts,3511
Roberts,986
Roberts,1417
Roberts,726
Roberts,2246
Robertson,1701
Robertson,928
Robertson,3516
Robertson,2784
Robertson,3056
Robertson,4207
Robertson,4479
Robertson,635
Robertson,4712
Robertson,4147
Robertson,685
Robertson,1146
Robertson,712
Robertson,3584
Robertson,2737
Robertson,3639
Robertson,4775
Robertson,1769
Robertson,4120
Robertson,2886
Robertson,92
Robertson,4815
Robertson,4079
Robinson,3304
Robinson,2066
Robinson,2901
Robinson,1885
Robinson,4958
Robinson,263
Robinson,287
Robinson,4808
Robinson,1288
Robinson,1373
Robinson,2612
Robinson,2687
Robinson,639
Robinson,1386
Robinson,3362
Robinson,3119
Robinson,3838
Robinson,418
Robinson,149
Rodriguez,2219
Rodriguez,3182
Rodriguez,2573
Rodriguez,1238
Rodriguez,3666
Rodriguez,2809
Rodriguez,4857
Rodriguez,2385
Rodriguez,3775
Rodriguez,4047
Rodriguez,4544
Rodriguez,2000
Rodriguez,214
Rodriguez,3306
Rodriguez,3841
Rodriguez,3064
Rodriguez,523
Rodriguez,4740
Rodriguez,3976
Rodriguez,3091
Rodriguez,3971
Rodriguez,1451
Rodriguez,962
Rogers,2025
Rogers,3313
Rogers,3110
Rogers,1921
Rogers,1343
Rogers,4315
Rogers,3717
Rogers,2856
Rogers,3459
Rogers,421
Rogers,4381
Rogers,3512
Rogers,1822
Rogers,4947
Rogers,4950
Rogers,2108
Rogers,4960
Rogers,2120
Rogers,3908
Rogers,327
Rogers,903
Romero,3447
Romero,360
Romero,2765
Romero,1014
Romero,2273
Romero,1078
Romero,1994
Romero,2344
Romero,960
Romero,996
Romero,2943
Romero,847
Romero,4959
Romero,2613
Romero,584
Romero,664
Romero,3433
Romero,2697
Romero,1616
Romero,959
Romero,2874
Romero,4948
Romero,4148
Rose,2172
Rose,3530
Rose,3436
Rose,3770
Rose,94
Rose,946
Rose,3061
Rose,1398
Rose,4064
Rose,1101
Rose,1168
Rose,3594
Rose,391
Rose,2728
Rose,2705
Rose,1260
Rose,1256
Ross,4783
Ross,4254
Ross,1021
Ross,3740
Ross,2215
Ross,1115
Ross,1516
Ross,609
Ross,478
Ross,1395
Ross,1181
Ross,2519
Ross,311
Ross,4668
Ross,3611
Ross,4531
Ross,1556
Ross,4051
Ross,1137
Ross,1631
Ross,3007
Ross,3523
Ross,4894
Ross,1531
Ross,4144
Ruiz,4554
Ruiz,4795
Ruiz,4578
Ruiz,4756
Ruiz,3271
Ruiz,4675
Ruiz,1248
Ruiz,4972
Ruiz,1741
Ruiz,4377
Ruiz,3130
Ruiz,3933
Ruiz,2497
Ruiz,1139
Ruiz,2443
Ruiz,2438
Ruiz,3438
Ruiz,2395
Ruiz,4094
Ruiz,1744
Ruiz,2346
Ruiz,2955
Ruiz,3244
Ruiz,3036
Ruiz,3254
Ruiz,4260
Russell,1309
Russell,2130
Russell,2116
Russell,978
Russell,3239
Russell,4745
Russell,904
Russell,2052
Russell,2283
Russell,4583
Russell,3299
Russell,620
Russell,1257
Russell,3781
Russell,3762
Russell,231
Russell,3396
Russell,83
Russell,1108
Russell,458
Russell,250
Russell,669
Russell,1730
Russell,3588
Russell,4192
Russell,403
Russell,3650
Ryan,902
Ryan,4568
Ryan,3825
Ryan,4408
Ryan,4587
Ryan,219
Ryan,2785
Ryan,3597
Ryan,157
Ryan,1017
Ryan,2285
Ryan,4625
Ryan,236
Ryan,878
Ryan,1493
Ryan,850
Sanchez,1546
Sanchez,4872
Sanchez,1606
Sanchez,4459
Sanchez,3197
Sanchez,2020
Sanchez,588
Sanchez,1346
Sanchez,727
Sanchez,4349
Sanchez,387
Sanchez,3179
Sanchez,2238
Sanchez,1440
Sanchez,871
Sanchez,3718
Sanchez,807
Sanchez,2587
Sanchez,4593
Sanchez,2030
Sanchez,2582
Sanchez,4028
Sanchez,4203
Sanchez,814
Sanchez,4284
Sanders,4986
Sanders,3238
Sanders,3387
Sanders,1588
Sanders,1332
Sanders,4235
Sanders,87
Sanders,267
Sanders,2188
Sanders,1726
Sanders,4761
Sanders,2045
Sanders,3265
Sanders,2262
Sanders,4021
Sanders,2241
Sanders,2410
Sanders,102
Sanders,4570
Sanders,2975
Sanders,1011
Sanders,977
Sanders,3398
Sanders,3941
Sanders,801
Sanders,4075
Sanders,1580
Sanders,156
Sanders,1838
Schmidt,227
Schmidt,3917
Schmidt,294
Schmidt,2017
Schmidt,4040
Schmidt,1408
Schmidt,4812
Schmidt,17
Schmidt,1683
Schmidt,2740
Schmidt,2580
Schmidt,4490
Schmidt,2911
Schmidt,2668
Schmidt,1918
Schmidt,4674
Schmidt,3418
Schmidt,3919
Schmidt,36
Schmidt,3886
Schmidt,4893
Schmidt,3223
Schmidt,1813
Schmidt,1747
Scott,1659
Scott,1414
Scott,1199
Scott,4227
Scott,4535
Scott,874
Scott,23
Scott,3076
Scott,2012
Scott,4441
Scott,2833
Scott,4212
Scott,4193
Scott,503
Scott,4923
Scott,688
Scott,4636
Scott,3553
Scott,4485
Scott,85
Scott,322
Shaw,3654
Shaw,2721
Shaw,4351
Shaw,2462
Shaw,728
Shaw,1844
Shaw,451
Shaw,4515
Shaw,2946
Shaw,2166
Shaw,3207
Shaw,243
Shaw,4233
Shaw,4990
Shaw,1600
Shaw,4518
Shaw,1848
Simmons,3456
Simmons,2466
Simmons,3612
Simmons,4208
Simmons,485
Simmons,4684
Simmons,297
Simmons,362
Simmons,4644
Simmons,2561
Simmons,4303
Simmons,1166
Simmons,2328
Simmons,3657
Simmons,3085
Simmons,4912
Simmons,1592
Simmons,3743
Simmons,2592
Simmons,1390
Simmons,3649
Simmons,3221
Simmons,4737
Simpson,1196
Simpson,3043
Simpson,189
Simpson,1547
Simpson,4765
Simpson,754
Simpson,1712
Simpson,136
Simpson,4840
Simpson,4728
Simpson,1235
Simpson,3397
Simpson,1593
Simpson,4873
Simpson,4883
Simpson,2138
Simpson,1858
Simpson,286
Simpson,4393
Simpson,1827
Simpson,1226
Simpson,1290
Simpson,3542
Simpson,3069
Simpson,336
Sims,810
Sims,3481
Sims,101
Sims,2078
Sims,4124
Sims,663
Sims,565
Sims,4741
Sims,3497
Sims,1191
Sims,1926
Sims,1961
Sims,3628
Sims,4932
Sims,2357
Sims,3996
Sims,2476
Sims,2867
Sims,2164
Sims,2176
Sims,2281
Sims,877
Sims,4339
Sims,3075
Sims,1262
Sims,3685
Sims,621
Smith,3847
Smith,2960
Smith,853
Smith,1163
Smith,2195
Smith,2756
Smith,1247
Smith,1901
Smith,1767
Smith,1111
Smith,488
Snyder,3292
Snyder,4405
Snyder,4698
Snyder,113
Snyder,778
Snyder,2407
Snyder,1227
Snyder,4273
Snyder,381
Snyder,96
Snyder,3579
Snyder,1409
Snyder,197
Snyder,3842
Snyder,3477
Spencer,3176
Spencer,1132
Spencer,4552
Spencer,438
Spencer,301
Spencer,4598
Spencer,2333
Spencer,433
Spencer,4371
Spencer,4589
Spencer,4099
Spencer,4868
Spencer,1931
Spencer,940
Spencer,2570
Spencer,917
Spencer,4402
Spencer,4721
Spencer,2322
Spencer,2159
Spencer,1303
Stanley,323
Stanley,1370
Stanley,4697
Stanley,3409
Stanley,759
Stanley,2314
Stanley,2713
Stanley,258
Stanley,1296
Stanley,215
Stanley,3008
Stanley,3321
Stanley,3513
Stanley,1845
Stanley,3766
Stanley,3921
Stephens,750
Stephens,906
Stephens,910
Stephens,3114
Stephens,1042
Stephens,1084
Stephens,454
Stephens,2857
Stephens,2762
Stephens,4242
Stephens,1714
Stephens,2532
Stephens,4397
Stephens,1734
Stephens,2300
Stephens,4613
Stephens,1455
Stephens,69
Stephens,1617
Stephens,5
Stephens,1703
Stevens,4476
Stevens,3351
Stevens,4666
Stevens,383
Stevens,2572
Stevens,2386
Stevens,2102
Stevens,4547
Stevens,1585
Stevens,1666
Stevens,2929
Stevens,1435
Stevens,3096
Stevens,2928
Stevens,3901
Stevens,1356
Stevens,114
Stewart,643
Stewart,2383
Stewart,3557
Stewart,4965
Stewart,122
Stewart,1804
Stewart,1002
Stewart,1688
Stewart,3558
Stewart,4482
Stewart,2507
Stewart,116
Stewart,1578
Stewart,4243
Stewart,78
Stewart,933
Stewart,1554
Stewart,1443
Stone,925
Stone,1418
Stone,4936
Stone,944
Stone,4421
Stone,3837
Stone,2638
Stone,2855
Stone,3439
Stone,895
Stone,1098
Stone,2750
Stone,1352
Stone,2397
Stone,3585
Stone,4358
Stone,1441
Stone,2268
Stone,535
Stone,190
Stone,4736
Stone,1739
Sullivan,673
Sullivan,3359
Sullivan,2117
Sullivan,4141
Sullivan,2805
Sullivan,1641
Sullivan,872
Sullivan,738
Sullivan,2085
Sullivan,3196
Sullivan,820
Sullivan,4436
Sullivan,3167
Sullivan,351
Sullivan,97
Sullivan,2791
Taylor,356
Taylor,3455
Taylor,4462
Taylor,522
Taylor,138
Taylor,1399
Taylor,1255
Taylor,4003
Taylor,186
Taylor,1805
Taylor,4998
Taylor,2293
Taylor,812
Taylor,4700
Taylor,3988
Taylor,492
Taylor,129
Taylor,2428
Taylor,2903
Thomas,2341
Thomas,4272
Thomas,2632
Thomas,2089
Thomas,3290
Thomas,2588
Thomas,3928
Thomas,1765
Thomas,2165
Thomas,3559
Thomas,716
Thomas,2773
Thomas,1461
Thomas,3074
Thomas,4385
Thomas,4800
Thomas,32
Thomas,1027
Thomas,3583
Thomas,1671
Thomas,427
Thomas,861
Thomas,516
Thomas,3779
Thomas,1954
Thomas,4556
Thomas,216
Thomas,4062
Thomas,1394
Thomas,2902
Thompson,455
Thompson,3135
Thompson,2417
Thompson,4186
Thompson,3561
Thompson,583
Thompson,2037
Thompson,4494
Thompson,3112
Thompson,3906
Thompson,908
Thompson,4213
Thompson,1649
Thompson,3366
Thompson,3673
Thompson,3667
Thompson,2684
Thompson,2921
Thompson,262
Thompson,2516
Thompson,1939
Thompson,2203
Thompson,2774
Thompson,2008
Thompson,3948
Thompson,3080
Torres,3738
Torres,4847
Torres,779
Torres,1932
Torres,3702
Torres,1601
Torres,2250
Torres,775
Torres,489
Torres,2388
Torres,4136
Torres,2547
Torres,4041
Torres,1900
Torres,3570
Torres,4826
Torres,594
Tucker,1353
Tucker,4267
Tucker,2754
Tucker,1312
Tucker,2640
Tucker,4437
Tucker,3866
Tucker,2918
Tucker,226
Tucker,2985
Tucker,4557
Tucker,4806
Tucker,3086
Tucker,3099
Tucker,1466
Tucker,619
Tucker,2136
Tucker,3256
Tucker,1518
Tucker,143
Turner,2679
Turner,407
Turner,2015
Turner,3325
Turner,442
Turner,2086
Turner,1331
Turner,1096
Turner,1037
Turner,73
Turner,1019
Turner,888
Turner,560
Turner,1957
Turner,3283
Turner,3496
Turner,2305
Turner,2458
Turner,4096
Turner,1738
Turner,3191
Turner,2557
Turner,988
Turner,2184
Vasquez,3744
Vasquez,952
Vasquez,2088
Vasquez,900
Vasquez,1073
Vasquez,813
Vasquez,786
Vasquez,3443
Vasquez,4525
Vasquez,1909
Vasquez,1604
Vasquez,1753
Vasquez,3818
Vasquez,4614
Vasquez,1269
Vasquez,4063
Vasquez,2850
Vasquez,4087
Vasquez,4143
Wagner,2936
Wagner,1437
Wagner,4501
Wagner,4321
Wagner,3577
Wagner,77
Wagner,4549
Wagner,4978
Wagner,2461
Wagner,1273
Wagner,1489
Wagner,1696
Wagner,831
Wagner,2286
Wagner,1324
Wagner,4782
Wagner,4802
Wagner,4995
Wagner,2913
Walker,2459
Walker,2308
Walker,3344
Walker,4497
Walker,60
Walker,448
Walker,1702
Walker,2294
Walker,3724
Walker,1912
Walker,305
Walker,1996
Walker,4999
Walker,3125
Walker,1565
Walker,2278
Walker,309
Walker,2888
Walker,1069
Walker,2437
Walker,3485
Walker,611
Walker,3121
Wallace,4417
Wallace,4878
Wallace,989
Wallace,1159
Wallace,3407
Wallace,2675
Wallace,894
Wallace,2987
Wallace,4647
Wallace,2313
Wallace,4827
Wallace,4209
Wallace,4899
Wallace,4567
Wallace,2275
Wallace,91
Wallace,2495
Wallace,1362
Ward,4710
Ward,446
Ward,1677
Ward,3605
Ward,4629
Ward,1965
Ward,1684
Ward,3944
Ward,1681
Ward,3731
Ward,3508
Ward,1071
Ward,2725
Ward,2064
Ward,1051
Ward,4785
Ward,2440
Ward,2401
Ward,2016
Ward,2537
Ward,3148
Ward,3384
Warren,3694
Warren,477
Warren,4520
Warren,2339
Warren,3708
Warren,3880
Warren,3474
Warren,3393
Warren,3034
Warren,3783
Warren,3663
Warren,2807
Warren,4709
Warren,3302
Warren,569
Warren,4324
Warren,2708
Warren,3618
Washington,3280
Washington,4033
Washington,4344
Washington,4652
Washington,1570
Washington,2849
Washington,1717
Washington,4602
Washington,1706
Washington,575
Washington,3623
Washington,3185
Washington,1988
Washington,2498
Washington,4483
Washington,11
Washington,3060
Washington,2151
Washington,3812
Watkins,1514
Watkins,993
Watkins,398
Watkins,3529
Watkins,15
Watkins,3674
Watkins,2669
Watkins,4672
Watkins,1615
Watkins,1925
Watkins,2589
Watkins,2336
Watkins,1914
Watkins,3593
Watkins,3427
Watkins,2534
Watson,2702
Watson,772
Watson,1031
Watson,333
Watson,2965
Watson,2927
Watson,3903
Watson,1557
Watson,76
Watson,3725
Watson,4885
Watson,976
Watson,3467
Watson,213
Watson,4533
Watson,670
Watson,4585
Weaver,4089
Weaver,1381
Weaver,1830
Weaver,142
Weaver,1059
Weaver,4803
Weaver,997
Weaver,230
Weaver,2591
Weaver,4903
Weaver,3746
Weaver,4386
Weaver,2416
Weaver,3581
Weaver,4489
Weaver,3369
Weaver,3037
Weaver,4662
Webb,3522
Webb,2133
Webb,4037
Webb,1488
Webb,4729
Webb,2374
Webb,4372
Webb,4345
Webb,4846
Webb,3391
Webb,3281
Webb,1323
Webb,2599
Webb,1397
Webb,1087
Webb,708
Webb,178
Welch,2635
Welch,359
Welch,2618
Welch,2772
Welch,2829
Welch,4157
Welch,1066
Welch,2141
Welch,4711
Welch,4759
Welch,3788
Welch,3784
Welch,658
Welch,659
Welch,4871
Welch,3707
Welch,3472
Welch,4922
Welch,3616
Welch,1243
Wells,2643
Wells,4293
Wells,4722
Wells,1142
Wells,1780
Wells,2748
Wells,1510
Wells,3680
Wells,3741
Wells,4762
Wells,3911
Wells,2468
Wells,572
Wells,447
Wells,4887
Wells,4472
Wells,2698
Wells,4106
Wells,2904
Wells,4450
Wells,4430
Wells,2862
Wells,2003
Wells,2876
Wells,3548
Wells,2882
Wells,3452
Wells,4374
West,4784
West,2082
West,581
West,1955
West,4957
West,4164
West,1661
West,95
West,849
West,346
West,711
West,3900
West,405
West,4747
West,139
West,859
West,4327
West,198
West,1106
West,415
Wheeler,3177
Wheeler,2945
Wheeler,4179
Wheeler,1824
Wheeler,3914
Wheeler,2034
Wheeler,3905
Wheeler,907
Wheeler,3224
Wheeler,4695
Wheeler,891
Wheeler,1860
Wheeler,2433
Wheeler,3998
Wheeler,3849
Wheeler,1676
Wheeler,3051
Wheeler,1756
Wheeler,66
White,4961
White,3555
White,3451
White,2610
White,3404
White,2502
White,3149
White,4005
White,3922
White,2742
White,98
White,375
White,2560
White,935
White,292
White,3857
White,2990
White,1209
White,3329
White,3714
White,4140
White,2980
White,2859
Williams,541
Williams,4210
Williams,2173
Williams,171
Williams,2193
Williams,4786
Williams,536
Williams,195
Williams,3860
Williams,1986
Williams,4813
Williams,4581
Williams,4579
Williams,206
Williams,3382
Williams,1358
Williams,4457
Williams,1847
Williams,2447
Williams,1335
Williams,1799
Williamson,1300
Williamson,2789
Williamson,2282
Williamson,1895
Williamson,2810
Williamson,1691
Williamson,469
Williamson,4093
Williamson,4171
Williamson,288
Williamson,4686
Williamson,3541
Williamson,2953
Williamson,4777
Williamson,531
Williamson,3072
Williamson,100
Willis,1940
Willis,2299
Willis,3234
Willis,1068
Willis,1522
Willis,3373
Willis,1523
Willis,479
Willis,4577
Willis,3546
Willis,747
Willis,1117
Willis,634
Willis,182
Willis,2670
Willis,1553
Willis,3957
Willis,304
Willis,2135
Willis,2615
Willis,1511
Willis,3636
Willis,1413
Willis,4548
Wilson,1983
Wilson,1941
Wilson,1355
Wilson,1852
Wilson,984
Wilson,374
Wilson,3630
Wilson,4202
Wilson,1090
Wilson,1629
Wilson,1040
Wilson,3375
Wilson,4042
Wilson,2676
Wilson,3402
Wilson,2787
Wilson,633
Wood,4844
Wood,249
Wood,3771
Wood,2348
Wood,2431
Wood,1524
Wood,2319
Wood,3531
Wood,2204
Wood,3305
Wood,4077
Wood,4665
Wood,1682
Wood,131
Wood,4688
Wood,1049
Wood,2486
Wood,388
Wood,3416
Wood,2924
Wood,4270
Wood,9
Wood,4822
Wood,4112
Woods,4825
Woods,4994
Woods,1184
Woods,1608
Woods,3875
Woods,696
Woods,1428
Woods,2065
Woods,2290
Woods,4289
Woods,629
Woods,1680
Woods,1535
Woods,1647
Woods,4571
Woods,3697
Woods,2097
Woods,2387
Woods,1494
Woods,919
Woods,1150
Woods,912
Woods,1089
Woods,3293
Woods,2249
Woods,3039
Wright,4504
Wright,913
Wright,148
Wright,979
Wright,2265
Wright,4000
Wright,4594
Wright,3050
Wright,204
Wright,4837
Wright,3029
Wright,2309
Wright,1214
Wright,1603
Wright,2350
Wright,3735
Wright,1348
Wright,1870
Wright,1341
Wright,273
Wright,1147
Young,941
Young,1283
Young,1771
Young,2550
Young,4214
Young,425
Young,3525
Young,4407
Young,1839
Young,1342
Young,4134
Young,1637
Young,2412
Young,2084
Young,1083
Young,2326
Young,2665
Young,4569
Young,514
Young,3088
Young,2072
Young,3300
Young,2061
Young,1276
